origin,destination,modularity,rawvolume,expectation
1,3,77.23907836867602,840.1038818359375,762.8648034672615
1,4,-379.88380182516005,498.8842468261719,878.7680486513319
1,5,266.86826618077475,1570.778076171875,1303.9098099911002
1,6,288.44853944555257,1904.8948974609375,1616.446358015385
1,7,-413.2965843043635,641.3484497070312,1054.6450340113947
1,8,172.7221232963518,1234.468994140625,1061.7468708442732
1,9,-1218.039631212554,7813.0078125,9031.047443712554
1,10,426.82867089653655,1724.41943359375,1297.5907626972134
1,11,548.7028663440242,2756.93994140625,2208.237075062226
1,12,-286.8494359584588,1296.635986328125,1583.4854222865838
1,13,-200.36262601384374,1512.2613525390625,1712.6239785529062
1,14,1081.8980235455929,3315.567626953125,2233.669603407532
1,15,243.41523777859948,6569.7490234375,6326.3337856589005
1,16,181.5877691728922,1987.442138671875,1805.8543694989828
1,17,-476.03989685607144,1506.398681640625,1982.4385784966964
1,18,512.6978208090984,1780.3731689453125,1267.675348136214
1,19,388.55220764849014,2354.260498046875,1965.7082903983849
1,20,-407.55139833026783,812.6973266601562,1220.248724990424
1,21,-455.68217118631037,1476.1148681640625,1931.7970393503729
1,22,4.340860583298991,1790.2808837890625,1785.9400232057635
1,23,-244.79770258616543,314.9250793457031,559.7227819318686
1,24,378.9388438469423,1927.9444580078125,1549.0056141608702
1,25,295.6749901951209,1325.081298828125,1029.406308633004
1,26,24.081170735193155,608.74169921875,584.6605284835568
1,27,-364.7079284709391,520.2840576171875,884.9919860881266
1,28,121.593634183743,1622.387939453125,1500.794305269382
1,29,-354.3210333272043,1036.077880859375,1390.3989141865793
1,30,-642.61336438218,1961.0919189453125,2603.7052833274925
1,31,-248.66011727189368,378.79217529296875,627.4522925648624
1,32,523.5231849359029,1589.2049560546875,1065.6817711187846
3,1,-25.86755191259158,811.2533569335938,837.1209088461853
3,4,-214.9946786207318,114.22377014160156,329.21844876233337
3,5,300.8330083954766,789.3250122070312,488.49200381155464
3,6,12.922887950620634,618.50244140625,605.5795534556294
3,7,-252.52724378700015,142.58111572265625,395.1083595096564
3,8,959.4486856724614,1357.2176513671875,397.7689656947262
3,9,-1617.4989755205156,1765.859619140625,3383.3585946611406
3,10,512.6118521931603,998.7365112304688,486.12465903730845
3,11,-210.40134247846743,616.884521484375,827.2858639628424
3,12,-280.07786869468964,313.1533203125,593.2311890071896
3,13,-305.5014443546779,336.1097412109375,641.6111855656154
3,14,147.72488289428998,984.5386962890625,836.8138133947725
3,15,-875.9151350544007,1494.159423828125,2370.0745588825257
3,16,-172.8233158084049,503.7153625488281,676.538678357233
3,17,-399.81805250113814,342.87548828125,742.6935407823881
3,18,231.81894855066122,706.7362060546875,474.9172575040263
3,19,52.8744651144558,789.3002319335938,736.425766819138
3,20,-272.9660186144042,184.18350219726562,457.14952081166984
3,21,-394.27609773166535,329.4452819824219,723.7213797140872
3,22,-271.2087472606238,397.8692932128906,669.0780404735144
3,23,-136.83898854811062,72.85350799560547,209.6924965437161
3,24,-122.54493989404705,457.76885986328125,580.3137997573283
3,25,954.0036004982755,1339.6566162109375,385.6530157126619
3,26,1080.2093020321001,1299.244384765625,219.03508273352477
3,27,-215.8272996838104,115.72286224365234,331.55016192746274
3,28,-115.47364888338814,446.7784423828125,562.2520912662006
3,29,-290.2470081852106,230.64695739746094,520.8939655826715
3,30,-539.4618536559988,435.98077392578125,975.44262758178
3,31,-145.77465420765367,89.29177856445312,235.0664327721068
3,32,71.22678732132817,470.46990966796875,399.2431223466406
3,2,1677.120261966696,1926.7183837890625,249.59812182236658
4,1,-595.8102507069054,810.2100219726562,1406.0202726795617
4,3,-292.8851873097853,187.1365203857422,480.0217076955275
4,5,-262.9205384285535,557.5459594726562,820.4664979012098
4,6,-450.302567432812,566.8230590820312,1017.1256265148432
4,7,1438.5455494767368,2102.165771484375,663.6202220076382
4,8,-317.2597881136777,350.82916259765625,668.088950711334
4,9,-712.0004887916857,4970.65625,5682.656738791686
4,10,-394.5147423210235,421.9755859375,816.4903282585235
4,11,-439.6291719331309,949.8722534179688,1389.5014253510997
4,12,-180.44103470835796,815.9443969726562,996.3854316810142
4,13,-169.60012694037255,908.0438842773438,1077.6440112177163
4,14,-559.4180523150308,846.08642578125,1405.5044780962808
4,15,-311.90055894889747,3668.85400390625,3980.7545628551475
4,16,-403.1763633191922,733.1315307617188,1136.307894080911
4,17,-224.33582429420403,1023.0851440429688,1247.4209683371728
4,18,-392.2248639523302,405.4416198730469,797.6664838253771
4,19,-219.83270100935488,1017.0609741210938,1236.8936751304486
4,20,346.04871746514834,1113.8726806640625,767.8239631989142
4,21,67.47708472603335,1283.0325927734375,1215.5555080474041
4,22,-309.6167386858717,814.1603393554688,1123.7770780413405
4,23,1339.2239969916038,1691.4215087890625,352.19751179745873
4,24,-278.9027650685324,695.7867431640625,974.6895082325949
4,25,-339.90159257846733,307.8375244140625,647.7391169925298
4,26,-211.11095567776408,156.7782745361328,367.8892302138969
4,27,1133.9644045538166,1690.8328857421875,556.868481188371
4,28,-66.71138968119465,877.641845703125,944.3532353843196
4,29,-57.65262213641927,817.2359008789062,874.8885230153255
4,30,688.0274734052357,2326.37158203125,1638.3441086260143
4,31,1343.5352535148597,1738.3505859375,394.8153324226403
4,32,-283.5317270007697,387.033203125,670.5649301257697
4,2,-253.40036801121738,165.82225036621094,419.2226183774283
5,1,439.85387938594613,4686.33642578125,4246.482546395304
5,3,957.9324974860813,2407.700927734375,1449.7684302482937
5,4,-658.902367160965,1011.1316528320312,1670.0340199929963
5,6,-530.7947932012503,2541.142578125,3071.9373713262503
5,7,-880.8178928375683,1123.4573974609375,2004.2752902985058
5,8,3439.563152264722,5457.3349609375,2017.7718086727784
5,9,-5574.906625743417,11587.9345703125,17162.841196055917
5,10,2341.265438310368,4807.2412109375,2465.975772627132
5,11,-347.0017552932204,3849.59033203125,4196.59208732447
5,12,-1228.3372109676948,1780.9603271484375,3009.2975381161323
5,13,-832.7876401116787,2421.92822265625,3254.7158627679287
5,14,239.206611441914,4484.13134765625,4244.924736214336
5,15,-2535.475055710265,9487.2568359375,12022.731891647765
5,16,-830.44829285783,2601.445068359375,3431.893361217205
5,17,-1567.8573201205727,2199.621337890625,3767.4786580111977
5,18,465.272267775395,2874.39599609375,2409.123728318355
5,19,4133.95616028632,7869.64013671875,3735.68397643243
5,20,-1077.6495367144057,1241.3433837890625,2318.992920503468
5,21,-1382.2508341913012,2288.9873046875,3671.2381388788012
5,22,-698.4777870913676,2695.56982421875,3394.0476113101176
5,23,-368.56248965337886,695.1494750976562,1063.711964751035
5,24,450.7666421282388,3394.537841796875,2943.771199668636
5,25,1669.5786987495355,3625.8896484375,1956.3109496879645
5,26,1258.4669718161742,2369.5712890625,1111.1043172463258
5,27,-733.7725555481932,948.089599609375,1681.8621551575682
5,28,1369.2927402029554,4221.44189453125,2852.1491543282946
5,29,-1026.9969542197932,1615.3538818359375,2642.3508360557307
5,30,-1628.0529079504267,3320.097412109375,4948.150320059802
5,31,-322.43674308492496,869.9901733398438,1192.4269164247687
5,32,880.4357497457693,2905.685546875,2025.2497971292307
5,2,1249.4159547576635,2515.55810546875,1266.1421507110865
6,1,277.7598506709478,2049.306640625,1771.5467899540522
6,3,76.01607916159696,680.8302001953125,604.8141210337155
6,4,-325.6357222285717,371.0687561035156,696.7044783320873
6,5,-128.469030559595,905.296142578125,1033.76517313772
6,7,-300.34265149894406,535.800537109375,836.1431886083191
6,8,-34.947003448791975,806.82666015625,841.773663605042
6,9,-711.0323657958425,6448.95849609375,7159.990861889592
6,10,116.18853867460598,1144.94384765625,1028.755308981644
6,11,203.31240081436658,1954.0458984375,1750.7334976231334
6,12,16.4879470186022,1271.9061279296875,1255.4181809110853
6,13,-250.65563326277902,1107.1461181640625,1357.8017514268415
6,14,1306.6865930979743,3077.58349609375,1770.8969029957757
6,15,461.5220568211389,5477.1630859375,5015.641029116361
6,16,541.7573721201043,1973.4739990234375,1431.7166269033332
6,17,-271.86886992847303,1299.84716796875,1571.716037897223
6,18,465.27410581782317,1470.3118896484375,1005.0377838306143
6,19,-217.33084486668076,1341.12109375,1558.4519386166808
6,20,-245.1065250086515,722.3305053710938,967.4370303797452
6,21,-333.1697077125093,1198.396728515625,1531.5664362281343
6,22,-145.42619095077112,1270.501953125,1415.9281440757711
6,23,-214.54016323305387,229.218994140625,443.7591573736789
6,24,-79.318365558187,1148.7635498046875,1228.0819153628745
6,25,182.49260358328831,998.6260375976562,816.1334340143679
6,26,-23.99653763189292,439.53375244140625,463.53029007329917
6,27,-289.1119905137209,412.5269470214844,701.6389375352053
6,28,-238.89481432319621,950.9642333984375,1189.8590477216337
6,29,-282.51145015777024,819.823974609375,1102.3354247671452
6,30,-545.2221551412817,1519.0462646484375,2064.2684197897192
6,31,-229.75340325474957,267.7030334472656,497.4564367020152
6,32,88.8406183311896,933.7339477539062,844.8933294227166
6,2,-10.646200135332947,517.562744140625,528.208944275958
7,1,-2336.2505020799053,3447.530029296875,5783.78053137678
7,3,-1191.313535073637,783.29541015625,1974.608945229887
7,4,4599.267947251232,6873.88232421875,2274.6143769675177
7,5,-1376.7965792342611,1998.2601318359375,3375.0567110701986
7,6,-1543.700202881968,2640.330078125,4184.030281006968
7,8,-1431.5757539772412,1316.663330078125,2748.239084055366
7,9,-587.0329704321848,22789.044921875,23376.077892307185
7,10,-1658.9145201346355,1699.785888671875,3358.7004088065105
7,11,-1634.5747380151306,4081.254150390625,5715.828888405756
7,12,-125.91372755387783,3972.800048828125,4098.713776382003
7,13,-585.5609073587411,3847.416748046875,4432.977655405616
7,14,-2015.8201447060537,3765.838623046875,5781.658767752929
7,15,222.74353847477323,16597.90625,16375.162711525227
7,16,-1291.779781739183,3382.5166015625,4674.296383301683
7,17,-394.2378447309202,4737.13134765625,5131.36919238717
7,18,-1527.1007100829893,1754.166259765625,3281.2669698486143
7,19,-1445.1377885367865,3642.926513671875,5088.0643022086615
7,20,2501.9531530109743,5660.46044921875,3158.5072962077757
7,21,779.1651356569964,5779.453125,5000.287989343004
7,22,-1171.727863799555,3451.02197265625,4622.749836455805
7,23,2705.43642356551,4154.22998046875,1448.7935569032402
7,24,-1235.9970531560807,2773.46875,4009.4658031560807
7,25,-1411.3120535278094,1253.21630859375,2664.5283621215594
7,26,-915.6258788622176,597.7168579101562,1513.3427367723739
7,27,4823.532828549481,7114.25732421875,2290.7244956692693
7,28,-726.1303612316533,3158.544677734375,3884.6750389660283
7,29,9.344789363116433,3608.27099609375,3598.9262067306336
7,30,3393.9394994188096,10133.4033203125,6739.46382089369
7,31,2634.440904368038,4258.54638671875,1624.1054823507118
7,32,-1172.9532826312102,1585.470947265625,2758.424229896835
7,2,-1071.7950161824758,652.7118530273438,1724.5068692098196
8,1,53.598264238029515,3640.40673828125,3586.8084740432205
8,3,2868.8699019294063,4093.422607421875,1224.5527054924685
8,4,-781.8636735552711,628.7372436523438,1410.6009172076149
8,5,3232.5726490556544,5325.6123046875,2093.0396556318456
8,6,-413.188791883812,2181.535400390625,2594.724192274437
8,7,-979.8722685534274,713.046875,1692.9191435534274
8,9,-6365.519910910189,8131.142578125,14496.662489035189
8,10,2735.9996927632483,4818.89599609375,2082.8963033305017
8,11,-718.4219602743083,2826.246337890625,3544.6682981649333
8,12,-1231.7265834691189,1310.088623046875,2541.815206515994
8,13,-1099.226940475251,1649.8818359375,2749.108776412751
8,14,237.36671155931936,3822.859375,3585.4926634406806
8,15,-3392.305922432757,6762.74267578125,10155.048598214007
8,16,-862.5588461278198,2036.20361328125,2898.76245940907
8,17,-1632.0190236921007,1550.1968994140625,3182.2159231061632
8,18,643.8559369677937,2678.73193359375,2034.8759966259563
8,19,1812.9198553452538,4968.2802734375,3155.360418092246
8,20,-1106.0907043451655,852.6559448242188,1958.7466491693842
8,21,-1526.2198067809727,1574.7061767578125,3100.925983538785
8,22,-955.0090300854367,1911.786865234375,2866.7958953198117
8,23,-464.4327090481945,434.0358581542969,898.4685672024914
8,24,-149.2022534185512,2337.265869140625,2486.468122559176
8,25,3156.4256716292452,4808.83154296875,1652.4058713395048
8,26,3611.9978746650486,4550.49658203125,938.4987073662013
8,27,-818.2751926516744,602.31640625,1420.5915989016744
8,28,237.42202534320813,2646.501220703125,2409.079195359917
8,29,-1135.2089983680512,1096.6632080078125,2231.8722063758637
8,30,-2002.4903474751936,2176.984619140625,4179.474966615819
8,31,-471.7486519940162,535.4395141601562,1007.1881661541724
8,32,551.357819390294,2261.9931640625,1710.635344672206
8,2,3761.135856877944,4830.587890625,1069.4520337470556
9,1,-981.0518168932576,14629.001953125,15610.053770018258
9,3,-1959.0642103061127,3370.279052734375,5329.343263040488
9,4,-482.633463924034,5656.4052734375,6139.038737361534
9,5,-1944.7282372728878,7164.333984375,9109.062221647888
9,6,-189.12351082754503,11103.306640625,11292.430151452545
9,7,458.7794108780299,7826.48779296875,7367.70838209072
9,8,-2335.9357903703703,5081.3857421875,7417.32153255787
9,10,-2030.0318656684703,7034.8857421875,9064.91760785597
9,11,2217.5660249690027,17644.22265625,15426.656631280997
9,12,3275.618794621565,14337.78515625,11062.166361628435
9,13,2996.7588369708938,14961.08203125,11964.323194279106
9,14,905.5633593115508,16509.890625,15604.32726568845
9,15,28275.998690532353,72471.515625,44195.51693446765
9,16,1929.0145935003184,14544.6416015625,12615.627008062182
9,17,4881.247085923347,18730.484375,13849.237289076653
9,18,-1158.3369346921882,7697.5927734375,8855.929708129688
9,19,-1223.950003667962,12508.41015625,13732.360159917962
9,20,1729.960136241285,10254.5693359375,8524.609199696215
9,21,4737.071791913191,18232.529296875,13495.457504961809
9,22,1899.9987081840482,14376.5048828125,12476.506174628452
9,23,-418.5942232838429,3491.60693359375,3910.201156877593
9,24,117.8976636494881,10939.189453125,10821.291789475512
9,25,-1795.8603975242295,5395.53125,7191.3916475242295
9,26,-1606.4567692033243,2477.95849609375,4084.4152652970743
9,27,62.35266456754107,6244.87158203125,6182.518917463709
9,28,-263.2141069169538,10221.275390625,10484.489497541954
9,29,2752.451959272703,12465.7236328125,9713.271673539797
9,30,4957.135727531091,23146.517578125,18189.38185059391
9,31,-330.52480086705964,4052.83203125,4383.35683211706
9,32,-814.8086366988391,6630.001953125,7444.810589823839
9,2,-1924.6098774300362,2729.723876953125,4654.333754383161
10,1,460.75259690308303,2443.734375,1982.981778096917
10,3,770.3885868498113,1447.3875732421875,676.9989863923762
10,4,-416.31893627712566,363.5375671386719,779.8565034157975
10,5,1097.2558078447116,2254.4013671875,1157.1455593427884
10,6,53.728264380051314,1488.232177734375,1434.5039133543237
10,7,-493.44171797980096,442.4955749511719,935.9372929309728
10,8,1344.0456324791176,2286.285400390625,942.2397679115073
10,9,-2747.159440100755,5267.3798828125,8014.539322913255
10,11,-83.09737286922041,1876.5870361328125,1959.684409002033
10,12,-521.8987765314171,883.3541870117188,1405.2529635431358
10,13,-463.58445754119975,1056.2716064453125,1519.8560639865123
10,14,633.4324407703261,2615.686767578125,1982.2543268077989
10,15,-1142.7163285981742,4471.5439453125,5614.260273910674
10,16,-214.84613448476557,1387.74658203125,1602.5927165160156
10,17,-735.5329992162265,1023.7681274414062,1759.3011266576327
10,18,667.2788907453032,1792.2684326171875,1124.9895418718843
10,19,771.8971236703446,2516.35107421875,1744.4539505484054
10,20,-535.7272306849397,547.1738891601562,1082.901119845096
10,21,-711.9211125157879,1002.4385375976562,1714.359650113444
10,22,-360.3495579312312,1224.5703125,1584.9198704312312
10,23,-259.7591423044664,236.962890625,496.7220329294664
10,24,90.73798870194355,1465.39208984375,1374.6541011418064
10,25,1428.9306065025728,2342.469970703125,913.5393642005522
10,26,628.3280480790238,1147.180908203125,518.8528601241012
10,27,-419.7636513174291,365.6162414550781,785.3798927725072
10,28,121.41693959538179,1453.2862548828125,1331.8693152874307
10,29,-528.0702977796382,705.8294067382812,1233.8997045179194
10,30,-948.5751823901073,1362.064697265625,2310.6398796557323
10,31,-265.8358606465964,290.99224853515625,556.8281091817527
10,32,543.3563673736178,1489.088134765625,945.7317673920072
10,2,676.18582378894,1267.436767578125,591.250943789185
11,1,2060.683797415897,13854.8466796875,11794.162882271603
11,3,-857.275361020741,3169.305419921875,4026.580780942616
11,4,-1736.0022478965093,2902.34326171875,4638.345509615259
11,5,-480.34228025661105,6402.001953125,6882.344233381611
11,6,479.4417140122696,9011.427734375,8531.98602036273
11,7,-1749.1011200138828,3817.564697265625,5566.665817279508
11,8,-848.8746238353606,4755.2763671875,5604.150991022861
11,9,-970.7846804328656,46697.21875,47668.003430432866
11,10,-279.18172585243883,6569.80908203125,6848.990807883689
11,12,-661.06119056834,7696.94921875,8358.01040931834
11,13,-26.675254457144547,9012.958984375,9039.634238832145
11,14,2915.9958044663817,14705.83203125,11789.836226783618
11,15,6336.356863411544,39728.2421875,33391.88532408846
11,16,1384.9680531717167,10916.6943359375,9531.726282765783
11,17,-1342.2521402337134,9121.52734375,10463.779483983713
11,18,438.3282794791321,7129.41845703125,6691.090177552118
11,19,156.17048648036143,10531.6435546875,10375.473068207139
11,20,-1513.2798031870643,4927.4814453125,6440.761248499564
11,21,-1268.8017807446886,8927.6796875,10196.481468244689
11,22,1214.8179855290982,10641.431640625,9426.613655095902
11,23,-1146.5992887104508,1807.7498779296875,2954.3491666401383
11,24,1154.9401771248322,9330.9580078125,8176.017830687668
11,25,-395.56606900349743,5037.8837890625,5433.449858065997
11,26,-771.3207267334055,2314.65576171875,3085.9764884521555
11,27,-1600.6168446776055,3070.580078125,4671.1969228026055
11,28,-87.40310179365679,7834.14404296875,7921.547144762407
11,29,-1167.047531518525,6171.806640625,7338.854172143525
11,30,-2158.897806482719,11584.07421875,13742.972025232719
11,31,-1161.6452465766306,2150.1962890625,3311.8415356391306
11,32,534.2569211754726,6159.17724609375,5624.920324918277
11,2,-930.156044358795,2586.421875,3516.577919358795
12,1,-1332.6680680028676,5398.79052734375,6731.458595346618
12,3,-965.1378456195907,1333.0126953125,2298.1505409320907
12,4,-581.5113731225347,2065.80078125,2647.3121543725347
12,5,-1473.8953103321833,2454.167724609375,3928.0630349415583
12,6,-12.155093736678282,4857.4326171875,4869.587710924178
12,7,-97.96168730566933,3079.1845703125,3177.1462576181693
12,8,-1371.8750808353134,1826.6656494140625,3198.540730249376
12,9,4206.775890128072,31413.046875,27206.270984871928
12,10,-1346.7235139915379,2562.30322265625,3909.026736647788
12,11,-357.40181819523514,6294.97119140625,6652.373009601485
12,13,-300.81656562145054,4858.5087890625,5159.3253546839505
12,14,-37.99162009613519,6690.99755859375,6728.989178689885
12,15,6329.7763463001975,25388.025390625,19058.249044324803
12,16,701.9274256123308,6142.11181640625,5440.184390793919
12,17,883.9496087261541,6856.0986328125,5972.149024086346
12,18,-766.8569252986367,3052.048828125,3818.9057534236367
12,19,-1747.9980972629937,4173.75048828125,5921.748585544244
12,20,553.251415234572,4229.283203125,3676.031787890428
12,21,557.3025396594285,6376.892578125,5819.5900384655715
12,22,-510.06689212566107,4870.125,5380.191892125661
12,23,-430.72166006464886,1255.4581298828125,1686.1797899474614
12,24,-940.3794138726771,3726.041259765625,4666.420673638302
12,25,-1033.914218098697,2067.19970703125,3101.113925129947
12,26,-837.3863483202347,923.9190673828125,1761.3054157030472
12,27,-320.7797051258667,2345.2822265625,2666.0619316883667
12,28,-1173.7875577225695,3347.395263671875,4521.1828213944445
12,29,-17.27392139719177,4171.33984375,4188.613765147192
12,30,262.20890857058475,8105.9404296875,7843.731521116915
12,31,-464.32489914228336,1425.891845703125,1890.2167448454084
12,32,-846.5817338593251,2363.81298828125,3210.394722140575
12,2,-964.2458764502587,1042.8231201171875,2007.0689965674462
13,1,-854.784323850161,5478.17236328125,6332.956687131411
13,3,-917.1866051230099,1244.91357421875,2162.10017934176
13,4,-490.1457694110909,2000.4456787109375,2490.5914481220284
13,5,-791.7597533657913,2903.76220703125,3695.5219603970413
13,6,-902.5787008638963,3678.729736328125,4581.308437192021
13,7,-394.38850870001943,2594.6708984375,2989.0594071375194
13,8,-1007.6210442097154,2001.5662841796875,3009.187328389403
13,9,2910.691992183358,28506.353515625,25595.661523441642
13,10,-1011.7537229974296,2665.85888671875,3677.6126097161796
13,11,154.57301367691161,6413.1259765625,6258.552962885588
13,12,-314.39641017458507,4173.49462890625,4487.891039080835
13,14,-567.4996707166129,5763.1337890625,6330.633459779113
13,15,4668.199223455125,22598.201171875,17930.001948419875
13,16,-363.5472176824687,4754.57861328125,5118.125830963719
13,17,-102.35551700544238,5516.24267578125,5618.598192786692
13,18,-821.2825933466142,2771.544189453125,3592.8267827997392
13,19,-428.4353631571603,5142.74609375,5571.18145690716
13,20,-250.7698333925705,3207.64111328125,3458.4109466738205
13,21,450.40440852782194,5925.47509765625,5475.070689128428
13,22,495.8654086791312,5557.55029296875,5061.684884289619
13,23,-327.3099610537781,1259.048095703125,1586.3580567569031
13,24,-4.456961152016447,4385.7119140625,4390.168875214516
13,25,-892.9893653962836,2024.538818359375,2917.5281837556586
13,26,-701.8842728462855,955.1519775390625,1657.036250385348
13,27,-371.08426719184035,2137.14697265625,2508.2312398480904
13,28,-70.37137947273368,4183.15771484375,4253.529094316484
13,29,189.02670025781072,4129.6748046875,3940.6481044296893
13,30,566.9078871214851,7946.291015625,7379.383128503515
13,31,-308.5019503667254,1469.8140869140625,1778.316037280788
13,32,-498.49044364283463,2521.84912109375,3020.3395647365846
13,2,-850.649813271697,1037.600830078125,1888.250643349822
14,1,4569.044113778151,18108.80859375,13539.76447997185
14,3,874.1909318543949,5496.72802734375,4622.537095489355
14,4,-2516.5495260384832,2808.296875,5324.846401038483
14,5,201.65755663218624,8102.626953125,7900.969396492814
14,6,5641.087164040016,15435.8544921875,9794.767328147484
14,7,-2563.7695678812406,3826.793701171875,6390.563269053116
14,8,554.7892855277651,6988.3857421875,6433.596456659735
14,9,-7173.49591228264,47549.63671875,54723.13263103264
14,10,2088.4679821226055,9951.1474609375,7862.6794788148945
14,11,2397.756809444956,15778.447265625,13380.690456180044
14,12,-930.7249777969282,8664.3173828125,9595.042360609428
14,13,-1800.5278409032653,8577.0224609375,10377.550301840765
14,15,2597.750540580222,40931.8203125,38334.06977191978
14,16,3168.822174214005,14111.296875,10942.474700785995
14,17,-2526.8265607034227,9485.650390625,12012.476951328423
14,18,4879.809095040515,12561.2177734375,7681.408678396985
14,19,-44.59093004033457,11866.509765625,11911.100695665335
14,20,-2270.074599682641,5123.955078125,7394.029677807641
14,21,-2783.0694934338517,8922.5478515625,11705.617344996352
14,22,-629.0763049221478,10192.728515625,10821.804820547148
14,23,-1631.6212112278995,1759.988037109375,3391.6092483372745
14,24,490.7123021096322,9876.826171875,9386.113869765368
14,25,2096.708259038679,8334.3388671875,6237.630608148821
14,26,140.3978221136722,3683.115966796875,3542.718144683203
14,27,-2345.1876913431406,3017.372314453125,5362.560005796266
14,28,-989.5562811626314,8104.423828125,9093.980109287631
14,29,-2321.846122369094,6103.19921875,8425.045341119094
14,30,-4445.781635020639,11331.2265625,15777.00819752064
14,31,-1743.7143773436655,2058.298095703125,3802.0124730467905
14,32,1783.465506136994,8240.9052734375,6457.439767300506
14,2,246.3259746992262,4283.376953125,4037.050978425774
15,1,-1604.807499560462,30754.02734375,32358.834843310462
15,3,-3912.7852311395654,7134.66796875,11047.453199889565
15,4,-2291.0214066996177,10434.888671875,12725.910078574618
15,5,-4211.168025161274,14671.447265625,18882.615290786274
15,6,158.49690615728468,23567.12109375,23408.624187592715
15,7,-831.6150908910349,14441.263671875,15272.878762766035
15,8,-4801.923478762579,10573.80078125,15375.72426001258
15,9,47885.978404153124,178669.40625,130783.42784584688
15,10,-4231.407545303016,14559.6982421875,18791.105787490516
15,11,4591.8887298188965,36570.55078125,31978.662051431103
15,12,5288.694890863324,28219.994140625,22931.299249761676
15,13,4075.5137535132235,28876.9375,24801.423746486777
15,14,2288.754654258242,34635.71875,32346.964095741758
15,16,4713.80671188929,30865.349609375,26151.54289748571
15,17,6703.871734602122,35412.625,28708.753265397878
15,18,-2032.6463891882631,16325.23828125,18357.884670438263
15,19,-3196.1585629459732,25270.314453125,28466.473016070973
15,20,1388.4275762676734,19059.501953125,17671.074376857327
15,21,5628.906914877163,33604.29296875,27975.386053872837
15,22,3581.802479524242,29444.955078125,25863.15259860076
15,23,-1654.8695548488513,6450.775390625,8105.644945473851
15,24,-32.33222408143047,22399.646484375,22431.97870845643
15,25,-3524.908673490314,11382.474609375,14907.383282865314
15,26,-3268.5933134588104,5198.1884765625,8466.78179002131
15,27,-1458.826424852472,11357.2158203125,12816.042245164972
15,28,-1663.2854296912956,20070.51953125,21733.804960941296
15,29,2630.4346587722684,22765.544921875,20135.11026310273
15,30,4473.6833591257455,42179.33203125,37705.648672124255
15,31,-1678.5454529495637,7407.9267578125,9086.472210762064
15,32,-1763.2379287139865,13669.4697265625,15432.707655276487
15,2,-3898.798837116192,5749.39453125,9648.193368366192
16,1,515.3940506503914,9203.8896484375,8688.495597787109
16,3,-581.2286306438532,2385.063232421875,2966.291863065728
16,4,-1352.5411624510407,2064.424072265625,3416.9652347166657
16,5,-1082.8722941551778,3987.196533203125,5070.068827358303
16,6,2101.447529126881,8386.7705078125,6285.322978685619
16,7,-1184.7491431545695,2916.0888671875,4100.8380103420695
16,8,-970.7960040037933,3157.656494140625,4128.452498144418
16,9,361.5731072594208,35477.5234375,35115.95033024058
16,10,-568.1148051530326,4477.38330078125,5045.498105934283
16,11,1344.7339080180773,9931.1513671875,8586.417459169423
16,12,588.4078513254135,6745.56689453125,6157.1590432058365
16,13,-658.128080803237,6001.16796875,6659.296049553237
16,14,3126.9339398907505,11812.2421875,8685.30824760925
16,15,5520.170692945179,30119.224609375,24599.05391642982
16,17,-494.0037271403471,7214.42822265625,7708.431949796597
16,18,526.9380091577932,5456.1142578125,4929.176248654707
16,19,-1269.4342554826062,6373.9443359375,7643.378591420106
16,20,-793.2921220572107,3951.472412109375,4744.764534166586
16,21,-844.2782783285847,6667.2412109375,7511.519489266085
16,22,-122.33361299612989,6822.04150390625,6944.37511690238
16,23,-901.502949211148,1274.89990234375,2176.402851554898
16,24,-325.67268338472877,5697.41650390625,6023.089187290979
16,25,-320.2398598210948,3682.4609375,4002.700797321095
16,26,-658.9189453247313,1614.4508056640625,2273.369750988794
16,27,-1181.0067110887903,2260.159423828125,3441.1661349169153
16,28,-1114.6019192305139,4721.0244140625,5835.626333293014
16,29,-905.7815824740046,4500.587890625,5406.369473099005
16,30,-1781.6181543297207,8342.521484375,10124.13963870472
16,31,-973.362010777284,1466.3974609375,2439.759471714784
16,32,-134.5382015680425,4009.214599609375,4143.7528011774175
16,2,-729.2423824863977,1861.341796875,2590.5841793613977
17,1,-880.2652778871307,3015.220703125,3895.4859810121307
17,3,-628.3238155168324,701.61279296875,1329.9366084855824
17,4,-286.7068992444863,1245.2890625,1531.9959617444863
17,5,-816.0953053801268,1457.0694580078125,2273.1647633879393
17,6,-431.4935459955468,2386.5302734375,2818.023819433047
17,7,-73.58350699321977,1765.0267333984375,1838.6102403916573
17,8,-811.9782533020552,1039.012939453125,1850.9911927551802
17,9,3959.1466992139776,19703.37890625,15744.232207036022
17,10,-834.6099091039723,1427.53857421875,2262.1484833227223
17,11,-263.36672048702394,3586.3525390625,3849.719259549524
17,12,493.6638077864045,3254.225341796875,2760.5615340104705
17,13,-16.112814732987317,2969.581787109375,2985.6946018423623
17,14,-506.7634759029156,3387.29345703125,3894.0569329341656
17,15,3696.280737013427,14725.263671875,11028.982934861573
17,16,-110.54057843996316,3037.686767578125,3148.227346018088
17,18,-622.4090444190783,1587.5865478515625,2209.995592270641
17,19,-918.6906087751972,2508.21728515625,3426.9078939314472
17,20,194.54011459349385,2321.854736328125,2127.314621734631
17,21,581.2582381762395,3949.047119140625,3367.7888809643855
17,22,-224.48511000951657,2889.024658203125,3113.5097682126416
17,23,-222.03404251809206,753.7559204101562,975.7899629282483
17,24,-504.0741325887129,2196.377197265625,2700.451329854338
17,25,-692.7017410513185,1101.90869140625,1794.6104324575685
17,26,-516.4033055319018,502.86175537109375,1019.2650609029955
17,27,-171.40234071057716,1371.444091796875,1542.8464325074522
17,28,-563.5347054961226,2052.86767578125,2616.4023812773726
17,29,199.7543444752987,2623.699462890625,2423.9451184153263
17,30,438.86661932446714,4978.0234375,4539.156818175533
17,31,-226.12191513247421,867.7439575195312,1093.8658726520055
17,32,-516.3989333858713,1341.4521484375,1857.8510818233713
17,2,-597.7396995286774,563.7484130859375,1161.488112614615
18,1,629.211169254437,2405.578125,1776.366955745563
18,3,370.15084817342233,976.610595703125,606.4597475297027
18,4,-365.4661247551569,333.1340026855469,698.6001274407038
18,5,232.03828707128082,1268.6162109375,1036.5779238662192
18,6,513.667390956401,1798.70458984375,1285.037198887349
18,7,-402.8947046277158,435.5235290527344,838.4182336804502
18,8,352.11150858678604,1196.175537109375,844.064028522589
18,9,-1760.1066133980212,5419.36572265625,7179.472336054271
18,10,655.6954494574898,1687.2498779296875,1031.5544284721977
18,11,112.20413892604324,1867.701171875,1755.4970329489568
18,12,-293.6880877619369,965.1459350585938,1258.8340228205307
18,13,-354.21503879061106,1007.2811279296875,1361.4961667202986
18,14,1251.6355295551048,3027.350830078125,1775.7153005230202
18,15,-433.6039032073777,4595.68408203125,5029.287985238628
18,16,115.44948982292453,1551.0616455078125,1435.612155684888
18,17,-517.7350419524596,1058.2574462890625,1575.992488241522
18,19,137.8550643394385,1700.54736328125,1562.6922989418115
18,20,-393.58188344977646,576.4874267578125,970.069310207589
18,21,-515.2453630841785,1020.48828125,1535.7336443341785
18,22,-212.49592425501396,1207.2847900390625,1419.7807142940765
18,23,-236.25442973565708,208.71214294433594,444.966572679993
18,24,46.16023958318351,1277.5836181640625,1231.423378580879
18,25,668.0341486433796,1486.38818359375,818.3540349503704
18,26,190.7150305074577,655.5065307617188,464.79150025426105
18,27,-351.21787355380104,352.33013916015625,703.5480127139573
18,28,-92.53462146455058,1100.5618896484375,1193.096511112988
18,29,-393.9167781549313,711.41796875,1105.3347469049313
18,30,-740.3740596088633,1329.510986328125,2069.8850459369883
18,31,-248.59868265506236,250.21127319335938,498.80995584842174
18,32,379.7398242601157,1226.9320068359375,847.1921825758218
18,2,235.24845498759305,764.8945922851562,529.6461372975632
19,1,1014.2388884558195,8281.2890625,7267.0501740441805
19,3,319.6413249407751,2800.645263671875,2481.0039387311
19,4,-711.8842554745597,2146.0625,2857.9467554745597
19,5,4920.972077164855,9161.5732421875,4240.601165022645
19,6,-987.4708109324547,4269.56787109375,5257.038682026205
19,7,-1076.8699684101225,2353.0673828125,3429.9373512226225
19,8,2320.343844843776,5773.3779296875,3453.034084843724
19,9,-6448.887866148121,22922.0625,29370.95036614812
19,10,1946.0640228549282,6166.1142578125,4220.050234957572
19,11,-0.07933409805627889,7181.5927734375,7181.672107535556
19,12,-1715.378610484091,3434.4638671875,5149.842477671591
19,13,-705.216152540932,4864.61328125,5569.829433790932
19,14,182.32666037710533,7446.7109375,7264.384277122895
19,15,-2055.656633999155,18518.970703125,20574.627337124155
19,16,-1157.2646396191221,4715.7705078125,5873.035147431622
19,17,-2096.407821073076,4350.91796875,6447.325789823076
19,18,246.53081625373852,4369.28955078125,4122.7587345275115
19,20,-1364.0017999297352,2604.51513671875,3968.516936648485
19,21,-1513.7328709956946,4768.8955078125,6282.628378808195
19,22,-402.7473455403997,5405.52197265625,5808.26931819665
19,23,-339.79677760462414,1480.544677734375,1820.3414553389991
19,24,1669.694312313245,6707.40087890625,5037.706566593005
19,25,1169.332028538694,4517.1875,3347.855471461306
19,26,691.3560512771464,2592.800537109375,1901.4444858322286
19,27,-835.2998175844873,2042.8885498046875,2878.188367389175
19,28,4214.652631410347,9095.5654296875,4880.912798277153
19,29,-1162.3600280428664,3359.522705078125,4521.882733120991
19,30,-1404.9202361560183,7062.9013671875,8467.821603343518
19,31,-195.81680533903364,1844.7958984375,2040.6127037765336
19,32,1374.4470752967432,4840.2783203125,3465.831245015757
19,2,556.9488233447705,2723.711181640625,2166.7623582958545
20,1,-2073.785851263033,4171.39111328125,6245.176964544283
20,3,-1165.756966431849,966.3748168945312,2132.13178332638
20,4,1020.3087553770533,3476.378662109375,2456.0699067323217
20,5,-1507.619698293705,2136.679443359375,3644.29914165308
20,6,-1118.401432378404,3399.406494140625,4517.807926519029
20,7,2459.4323243770573,5407.06103515625,2947.6287107791927
20,8,-1501.9804509497721,1465.4971923828125,2967.4776433325846
20,9,2489.997135311529,27730.8828125,25240.88567718847
20,10,-1644.1303381213024,1982.5076904296875,3626.63802855099
20,11,-1204.049162895226,4967.75537109375,6171.804533988976
20,12,720.4835788541022,5146.1689453125,4425.685366458398
20,13,-300.8253264067962,4485.78955078125,4786.614877188046
20,14,-1487.934767061378,4754.951171875,6242.885938936378
20,15,2946.7035136639242,20628.181640625,17681.478126961076
20,16,-724.4976005057151,4322.68701171875,5047.184612224465
20,17,414.22478772728937,5954.94482421875,5540.720036491461
20,18,-1352.9607489807363,2190.066650390625,3543.0273993713613
20,19,-1691.1792835802107,3802.78125,5493.960533580211
20,21,1599.5255834734362,6998.70751953125,5399.181936057814
20,22,-836.7823287799511,4154.74365234375,4991.525981123701
20,23,528.9294204761743,2093.29931640625,1564.3698959300757
20,24,-1121.4576006340149,3207.860107421875,4329.31770805589
20,25,-1338.0691905932472,1539.019775390625,2877.088965983872
20,26,-926.8231953723443,707.2452392578125,1634.0684346301568
20,27,1532.1327032135077,4005.597900390625,2473.4651971771173
20,28,-921.8145369503673,3272.75732421875,4194.571861169117
20,29,384.4791899302122,4270.5068359375,3886.027646007288
20,30,3364.1713891144564,10641.2705078125,7277.099118698044
20,31,516.9333969177376,2270.6005859375,1753.6671890197624
20,32,-1107.0768634796195,1871.3984375,2978.4753009796195
20,2,-1084.101636249654,777.9763793945312,1862.0780156441851
21,1,-3215.9969443941536,9458.638671875,12674.635616269154
21,3,-2169.24653109875,2157.931640625,4327.17817172375
21,4,15.26674972605906,4999.8798828125,4984.613133086441
21,5,-2477.6082913139517,4918.525390625,7396.133681938952
21,6,-2125.729344143154,7043.197265625,9168.926609768154
21,7,911.2282871096359,6893.4638671875,5982.235580077864
21,8,-2688.4190466687814,3334.10009765625,6022.519144325031
21,9,9415.233205006669,60641.80859375,51226.57538874333
21,10,-2885.7370917660473,4474.55322265625,7360.290314422297
21,11,-1436.214950976475,11089.5107421875,12525.725693163975
21,12,580.0905591202263,9562.0537109375,8981.963151817274
21,13,497.56077933220695,10212.033203125,9714.472423792793
21,14,-2469.5523680846054,10200.43359375,12669.985961834605
21,15,8876.153068192703,44760.8515625,35884.6984943073
21,16,-1256.3544550428142,8986.9462890625,10243.300744105314
21,17,1236.4929770433791,12481.427734375,11244.93475733162
21,18,-2414.082843965388,4776.51904296875,7190.601886934138
21,19,-2572.442229544751,8577.59375,11150.035979544751
21,20,1593.2869836059763,8514.8720703125,6921.585086706524
21,22,-722.6086940071928,9407.732421875,10130.341115882193
21,23,-139.2085867745909,3035.6923828125,3174.900969587091
21,24,-1483.0004444344013,7303.3837890625,8786.384233496901
21,25,-2405.8648981360175,3433.209716796875,5839.0746149328925
21,26,-1717.6487677489195,1598.7059326171875,3316.354700366107
21,27,436.95994168912694,5456.876953125,5019.917011435873
21,28,-1210.7743908910707,7302.14208984375,8512.91648073482
21,29,1965.3770090845155,9852.1005859375,7886.7235768529845
21,30,5308.421843356076,20077.3515625,14768.929719143924
21,31,-57.94654451597307,3501.134765625,3559.081310140973
21,32,-1757.0264767493181,4287.8125,6044.838976749318
21,2,-2009.7939493964773,1769.3079833984375,3779.101932794915
22,1,25.463092525589218,4030.8486328125,4005.385540286911
22,3,-451.4449764013277,916.0118408203125,1367.4568172216402
22,4,-460.3874509642246,1114.8292236328125,1575.2166745970371
22,5,-301.6951314424641,2035.6002197265625,2337.2953511690266
22,6,-273.31797830555115,2624.2080078125,2897.525986118051
22,7,-443.83443531974626,1446.646728515625,1890.4811638353713
22,8,-461.62632496489005,1441.5850830078125,1903.2114079727025
22,9,846.8918555434375,17035.30078125,16188.408925706563
22,10,-379.30995430767643,1946.6583251953125,2325.968279502989
22,11,747.9116110120995,4706.2392578125,3958.3276468004005
22,12,-272.24384262579315,2566.19873046875,2838.442573094543
22,13,295.7752912553483,3365.702392578125,3069.9271013227767
22,14,90.41072843220945,4094.326904296875,4003.9161758646655
22,15,2440.3543952917007,13780.4873046875,11340.1329093958
22,16,-5.589413268915905,3231.455810546875,3237.045223815791
22,17,-344.9136131426462,3208.663818359375,3553.577431502021
22,18,-286.3214666244039,1986.0225830078125,2272.3440496322164
22,19,-107.13576669132271,3416.4521484375,3523.5879151288227
22,20,-411.14188261382924,1776.1885986328125,2187.3304812466417
22,21,-198.94458960458087,3263.8564453125,3462.801034917081
22,23,-308.09485551681826,695.22412109375,1003.3189766105683
22,24,292.0360692416489,3068.672607421875,2776.636538180226
22,25,-377.90775670055996,1467.332275390625,1845.240032091185
22,26,-361.5857808102628,686.434814453125,1048.0205952633878
22,27,-413.43258531603374,1172.940673828125,1586.3732591441587
22,28,55.18838683724516,2745.40478515625,2690.216398319005
22,29,-164.33074648599768,2327.998779296875,2492.3295257828727
22,30,-245.46954333238318,4421.74609375,4667.215637082383
22,31,-298.1982151653817,826.52783203125,1124.7260471966317
22,32,-69.35198662596758,1840.912841796875,1910.2648284228426
22,2,-435.12958283761554,759.12646484375,1194.2560476813655
23,1,-500.4402356667267,644.8494873046875,1145.2897229714142
23,3,-238.55047918047399,152.45663452148438,391.00711370195836
23,4,1655.1810451326485,2105.594482421875,450.41343728922647
23,5,-191.05897837228667,477.26129150390625,668.3202698761929
23,6,-398.31969058736195,430.1914978027344,828.5111883900963
23,7,1042.118007115239,1582.6773681640625,540.5593610488235
23,8,-246.64198049840763,297.55743408203125,544.1994145804389
23,9,-849.3008156350761,3779.571533203125,4628.872348838201
23,10,-322.6287381473818,342.45269775390625,665.081435901288
23,11,-395.0608545660223,736.7732543945312,1131.8341089605535
23,12,-202.28847575587383,609.3285522460938,811.6170280019676
23,13,-175.5296576269219,702.2774658203125,877.8071234472344
23,14,-493.24042626649043,651.629150390625,1144.8695766571154
23,15,-450.89899577479355,2791.669677734375,3242.5686735091685
23,16,-369.25938419854026,556.3330688476562,925.5924530461965
23,17,-244.938999750245,771.161865234375,1016.10086498462
23,18,-333.4985045571748,316.249755859375,649.7482604165498
23,19,-145.21439884918186,862.3113403320312,1007.5257391812131
23,20,187.9320065451442,813.3717041015625,625.4396975564183
23,21,-32.72628084048961,957.418212890625,990.1444937311146
23,22,-291.5031328999405,623.8822021484375,915.385335048378
23,24,-238.22781532187628,555.716552734375,793.9443680562513
23,25,-279.760617392414,247.86260986328125,527.6232272556953
23,26,-168.15989722087454,131.50843811035156,299.6683353312261
23,27,796.1026541455226,1249.7061767578125,453.60352261228996
23,28,-34.38583541646335,734.8477783203125,769.2336137367759
23,29,-91.22065874678731,621.4296875,712.6503462467873
23,30,456.8643857558402,1791.3961181640625,1334.5317324082223
23,31,1708.9957493300444,2030.5970458984375,321.601296568393
23,32,-232.62250162947942,313.59375,546.2162516294794
23,2,-201.40257146947994,140.0799560546875,341.48252752416744
24,1,1056.1597261566349,6163.49609375,5107.336367593365
24,3,-247.05150207636711,1496.6163330078125,1743.6678350841796
24,4,-655.7426382278456,1352.8433837890625,2008.5860220169081
24,5,659.5299917423463,3639.855712890625,2980.3257211482787
24,6,-325.5321715334371,3369.1533203125,3694.685491845937
24,7,-759.6189155230272,1650.96630859375,2410.585224116777
24,8,109.08578589259332,2535.903564453125,2426.8177785605317
24,9,-2206.315479991219,18435.8046875,20642.12016749122
24,10,341.90619803100344,3307.78857421875,2965.8823761877466
24,11,890.9028294451728,5938.23486328125,5047.332033836077
24,12,-794.2314875133402,2825.11572265625,3619.34721016959
24,13,-92.78202775587397,3821.735107421875,3914.517135177749
24,14,603.3570686099247,5708.81982421875,5105.462755608825
24,15,641.7943675063689,15101.7939453125,14459.999577806131
24,16,-295.3044818158851,3832.307861328125,4127.61234314401
24,17,-1067.2036208969594,3464.0244140625,4531.228034959459
24,18,86.87859570733644,2984.3837890625,2897.5051933551636
24,19,1525.6864323832724,6018.67431640625,4492.987884022978
24,20,-841.7715012677631,1947.3314208984375,2789.1029221662006
24,21,-817.3312416424633,3598.146240234375,4415.477481876838
24,22,219.85966005766886,4301.9541015625,4082.094441504831
24,23,-422.2813232823439,857.0680541992188,1279.3493774815627
24,25,75.35447845059343,2428.251953125,2352.8974746744066
24,26,-153.05963367007598,1183.28955078125,1336.349184451326
24,27,-653.0929817632498,1369.718994140625,2022.8119759038748
24,28,1111.56333371972,4541.90478515625,3430.34145143653
24,29,-604.5459254716015,2573.466552734375,3178.0124782059765
24,30,-876.9685604582219,5074.27880859375,5951.247369051972
24,31,-380.6531160780153,1053.5045166015625,1434.1576326795778
24,32,657.991993986122,3093.8037109375,2435.811716951378
24,2,-232.06312071192883,1290.75341796875,1522.8165386806788
25,1,488.23422237673594,4001.890869140625,3513.656646763889
25,3,2938.270293432657,4137.8486328125,1199.578339379843
25,4,-816.7096589520445,565.1224975585938,1381.8321565106382
25,5,1621.5737415147355,3671.926513671875,2050.3527721571395
25,6,224.08452577486287,2765.89013671875,2541.805610943887
25,7,-953.893568257,704.4990234375,1658.3925916945
25,8,3257.0054468696835,4926.5654296875,1669.5599828178167
25,9,-5586.323060594939,8614.6845703125,14201.00763090744
25,10,2953.329315142744,4993.74560546875,2040.4162903260062
25,11,-443.56218577533855,3028.813720703125,3472.3759064784635
25,12,-1009.8061315944569,1480.1695556640625,2489.9756872585194
25,13,-1027.006902224443,1666.03466796875,2693.041570193193
25,14,1098.8012736090172,4611.1689453125,3512.3676717034828
25,15,-2683.4517927497054,7264.48779296875,9947.939585718455
25,16,-469.0457014274384,2370.597412109375,2839.6431135368134
25,17,-1454.1167807252532,1663.1988525390625,3117.3156332643157
25,18,1329.6156241693861,3322.990966796875,1993.3753426274889
25,19,738.3642325095857,3829.3720703125,3091.0078378029143
25,20,-1036.582686812567,882.2159423828125,1918.7986291953796
25,21,-1440.177350783525,1597.5062255859375,3037.6835763694626
25,22,-865.6734681406256,1942.655029296875,2808.3284974375006
25,23,-519.1759257715967,360.9686584472656,880.1445842188623
25,24,-171.76007516524896,2263.997314453125,2435.757389618374
25,26,2040.4890898069289,2959.847412109375,919.358322302446
25,27,-815.6199969307024,575.9990844726562,1391.6190814033587
25,28,-130.88477345631372,2229.06201171875,2359.9467851750637
25,29,-1050.4498240925718,1135.904052734375,2186.353876826947
25,30,-1931.243461551368,2162.992431640625,4094.235893191993
25,31,-538.8125611798913,447.8343200683594,986.6468812482507
25,32,679.3152676601435,2355.062744140625,1675.7474764804815
25,2,2387.8000210644727,3435.44091796875,1047.6408969042773
26,1,-276.33125511962044,1907.2137451171875,2183.545000236808
26,3,3416.6362169829863,4162.1083984375,745.4721814545139
26,4,-560.2199073118915,298.5130310058594,858.7329383177508
26,5,1214.9028616947853,2489.084716796875,1274.1818551020897
26,6,-317.2384846548139,1262.3543701171875,1579.5928547720014
26,7,-686.6616427142981,343.9384460449219,1030.60008875922
26,8,3734.0825484066736,4771.62255859375,1037.5400101870764
26,9,-4770.486418677916,4054.661376953125,8825.147795631041
26,10,1235.2455650808422,2503.25244140625,1268.0068763254078
26,11,-733.3473376951829,1424.5439453125,2157.891283007683
26,12,-870.2482664912877,677.1351318359375,1547.3833983272252
26,13,-869.0576326803084,804.5200805664062,1673.5777132467147
26,14,-96.33772289363469,2086.40625,2182.7439728936347
26,15,-2783.029074725455,3399.070068359375,6182.09914308483
26,16,-686.6593429182942,1078.023193359375,1764.6825362776692
26,17,-1160.3269069080977,776.9138793945312,1937.240786302629
26,18,261.0793993310185,1499.8529052734375,1238.773505942419
26,19,359.30533210509884,2280.197265625,1920.8919335199012
26,20,-771.9254199833163,420.50274658203125,1192.4281665653475
26,21,-1116.1414013209742,771.6124267578125,1887.7538280787867
26,22,-802.6185812286492,942.6036376953125,1745.2222189239617
26,23,-348.31010828828903,198.65150451660156,546.9616128048906
26,24,-369.4240733914255,1144.265625,1513.6896983914255
26,25,2024.868392472021,3030.80517578125,1005.936783309229
26,27,-573.5637549522454,291.251220703125,864.8149756553704
26,28,-212.2227049898197,1254.3548583984375,1466.5775633882572
26,29,-808.0857442891513,550.6133422851562,1358.6990865743076
26,30,-1472.4604862444571,1071.8826904296875,2544.3431766741446
26,31,-362.19207258392385,250.9548797607422,613.146952344666
26,32,120.1527655443972,1161.5379638671875,1041.3851983227903
26,2,5865.206911173841,6516.25830078125,651.0513896074091
27,1,-1134.651051450377,1725.7073974609375,2860.3584489113146
27,3,-584.2145990730461,392.32476806640625,976.5393671394523
27,4,2285.144257588143,3410.05078125,1124.9065236618574
27,5,-614.6472577522657,1054.4810791015625,1669.1283368538282
27,6,-814.8939963814901,1254.310791015625,2069.204787397115
27,7,3040.042617993842,4390.08837890625,1350.045760912408
27,8,-681.2739932666063,677.86279296875,1359.1367862353563
27,9,-628.361716516476,10932.236328125,11560.598044641476
27,10,-805.0674326228193,855.971923828125,1661.0393564509443
27,11,-826.2868973441746,2000.4661865234375,2826.753083867612
27,12,-207.34112845841014,1819.6705322265625,2027.0116606849726
27,13,-286.61985580417195,1905.701416015625,2192.321271819797
27,14,-1049.7246618014556,1809.58447265625,2859.3091344577056
27,15,-145.14276499573953,7953.1650390625,8098.3078040582395
27,16,-713.9787432882599,1597.686279296875,2311.665022585135
27,17,-294.75278611919293,2242.956787109375,2537.709573228568
27,18,-769.2594343821954,853.4853515625,1622.7447859446954
27,19,-614.2707553201735,1902.0224609375,2516.2932162576735
27,20,959.3578837316165,2521.39208984375,1562.0342061121335
27,21,314.8480937295485,2787.731689453125,2472.8835957235765
27,22,-581.0281155420294,1705.1446533203125,2286.172768862342
27,23,1282.2976031209596,1998.7958984375,716.4982953165405
27,24,-580.6028708136466,1402.2713623046875,1982.8742331183341
27,25,-693.2459141934498,624.4918823242188,1317.7377965176686
27,26,-443.98253219628043,304.4384460449219,748.4209782412023
27,28,-249.31518690049143,1671.843994140625,1921.1591810411164
27,29,0.005299762093954996,1779.847900390625,1779.842600628531
27,30,1766.387020909055,5099.376953125,3332.989932215945
27,31,1368.3515503437407,2171.550048828125,803.1984984843842
27,32,-558.7869913062207,805.3868408203125,1364.1738321265332
27,2,-518.6232198911113,334.2286071777344,852.8518270688456
28,1,226.21608271550122,5821.5966796875,5595.380596971999
28,3,-271.2699192329485,1639.0184326171875,1910.288351850136
28,4,-285.58053706093506,1914.94091796875,2200.521455029685
28,5,1814.402349826833,5079.5205078125,3265.118157985667
28,6,-918.2142302539855,3129.526123046875,4047.7403533008605
28,7,-531.1644270514967,2109.770263671875,2640.9346907233717
28,8,563.3741420168822,3222.092529296875,2658.718387279993
28,9,-3264.0433628939973,19350.5859375,22614.629300393997
28,10,432.01053250675795,3681.30517578125,3249.294643274492
28,11,66.2086743567188,5595.85107421875,5529.642399862031
28,12,-1117.1575245841645,2848.04541015625,3965.2029347404145
28,13,-143.34271622441702,4145.23583984375,4288.578556068167
28,14,-265.3538262405491,5327.97412109375,5593.327947334299
28,15,-440.7549424507579,15401.005859375,15841.760801825758
28,16,-862.7199562433361,3659.316650390625,4522.036606633961
28,17,-1282.4566395822212,3681.76416015625,4964.220799738471
28,18,-251.02364538995653,2923.35986328125,3174.3835086712065
28,19,4357.706687055198,9280.033203125,4922.326516069802
28,20,-796.5342099385161,2259.08837890625,3055.622588844766
28,21,-800.2341216969062,4037.17529296875,4837.409414665656
28,22,-153.00164822450188,4319.16748046875,4472.169128693252
28,23,-129.8778888054237,1271.722900390625,1401.6007891960487
28,24,1153.3615222092226,5032.2236328125,3878.8621106032774
28,25,37.07903165824655,2614.8134765625,2577.7344449042535
28,26,-45.457388668252634,1418.5899658203125,1464.0473544885651
28,27,-430.0913023928865,1786.0155029296875,2216.106805322574
28,29,-610.6714390117659,2871.02392578125,3481.695364793016
28,30,-330.6787303059091,6189.2548828125,6519.933613118409
28,31,24.76466462227063,1595.966796875,1571.2021322527294
28,32,492.89576547371644,3161.467529296875,2668.5717638231586
28,2,-133.8374550570827,1534.49560546875,1668.3330605258327
29,1,-809.5187327412436,2539.78759765625,3349.3063303974936
29,3,-564.957530581795,578.5108642578125,1143.4683948396075
29,4,-98.37641730701489,1218.8209228515625,1317.1973401585774
29,5,-625.7713313765128,1328.6767578125,1954.4480891890128
29,6,-579.4748810118795,1843.4384765625,2422.9133575743795
29,7,66.26310127298939,1647.0848388671875,1580.821737594198
29,8,-678.5606491614114,912.9061279296875,1591.466777091099
29,9,2451.6419345241375,15988.4013671875,13536.759432663363
29,10,-722.836613035304,1222.1397705078125,1944.9763835431165
29,11,-299.28387788224245,3010.672607421875,3309.9564853041175
29,12,50.95195258441436,2424.459716796875,2373.5077642124606
29,13,227.79189077770707,2794.8671875,2567.075296722293
29,14,-643.3586526478657,2704.718994140625,3348.0776467884907
29,15,2230.436009377998,11713.0634765625,9482.627467184502
29,16,-355.1008434847722,2351.71875,2706.819593484772
29,17,199.34091268557177,3170.844970703125,2971.5040580175532
29,18,-625.5477504475009,1274.5880126953125,1900.1357631428134
29,19,-634.4226520109514,2312.004150390625,2946.4268024015764
29,20,185.16346060601177,2014.2108154296875,1829.0473548236757
29,21,822.6485928023185,3718.245361328125,2895.5967685258065
29,22,-175.27195597307855,2501.69775390625,2676.9697098793285
29,23,-103.68950503425617,735.2865600585938,838.9760650928499
29,24,-373.7992673087292,1948.0262451171875,2321.8255124259167
29,25,-632.036358089945,910.9547119140625,1542.9910700040075
29,26,-450.53546204528277,425.82012939453125,876.355591439814
29,27,-26.874140600427836,1299.65234375,1326.5264843504278
29,28,-312.8535305449004,1936.7073974609375,2249.560928005838
29,30,1018.9036691051147,4921.6328125,3902.7291433948853
29,31,-74.68815292991883,865.80859375,940.4967466799188
29,32,-441.3144374125711,1156.0504150390625,1597.3648524516336
29,2,-522.0945712584057,476.543212890625,998.6377841490307
30,1,-3554.7847516675265,9912.14453125,13466.929282917527
30,3,-2345.952322514411,2251.718505859375,4597.670828373786
30,4,1953.3505713863979,7249.552734375,5296.202162988602
30,5,-2232.4628843091514,5626.00439453125,7858.467278840401
30,6,-2699.537272156309,7042.54052734375,9742.077799500059
30,7,3178.6536818967998,9534.83984375,6356.1861618532
30,8,-2666.975895784858,3732.011962890625,6398.987858675483
30,9,7201.269858939944,61630.02734375,54428.757484810056
30,10,-2961.976109652457,4858.4072265625,7820.383336214957
30,11,-1652.637732551757,11656.0732421875,13308.710974739257
30,12,173.32961251257075,9716.7568359375,9543.42722342493
30,13,773.4431685064028,11095.1689453125,10321.725776806097
30,14,-2969.8366340293105,10492.15234375,13461.98897777931
30,15,7427.2287278343065,45555.0859375,38127.85720966569
30,16,-1775.2167157238855,9108.39453125,10883.611246973885
30,17,631.8191820392949,12579.6767578125,11947.857575773205
30,18,-2667.048104966234,4973.03955078125,7640.087655747484
30,19,-1693.715135520184,10153.3115234375,11847.026658957684
30,20,3135.4915249854485,10489.74609375,7354.254568764552
30,21,4208.643316049935,15851.2919921875,11642.648676137565
30,22,-832.5592428345881,9931.03125,10763.590492834588
30,23,1051.1735070920258,4424.5380859375,3373.364578845474
30,24,-1311.2989025923216,8024.32373046875,9335.622633061072
30,25,-2583.8913655393853,3620.184814453125,6204.07617999251
30,26,-1794.332848035368,1729.3277587890625,3523.6606068244305
30,27,2444.6171852394164,7778.330078125,5333.712892885584
30,28,-323.52325435517923,8721.537109375,9045.06036373018
30,29,1787.5855372944243,10167.3095703125,8379.724033018076
30,31,1329.6513267832825,5111.21142578125,3781.5600989979675
30,32,-1833.7424584699465,4588.96044921875,6422.7029076886965
30,2,-2125.2256062865895,1890.108642578125,4015.3342488647145
31,1,-722.82686773358,1079.2772216796875,1802.1040894132675
31,3,-355.23196498554796,260.0145568847656,615.2465218703136
31,4,2342.926791462745,3051.648681640625,708.72189017788
31,5,-220.45577669568866,831.1407470703125,1051.5965237660012
31,6,-604.5203197644896,699.1353149414062,1303.6556347058959
31,7,1407.1603041974104,2257.72607421875,850.5657700213396
31,8,-338.6913749820143,517.6019897460938,856.293364728108
31,9,-1260.300712341662,6023.1923828125,7283.493095154162
31,10,-469.0277105976545,577.4725341796875,1046.500244777342
31,11,-577.5558133459513,1203.3759765625,1780.9317899084513
31,12,-326.7459671054919,950.3268432617188,1277.0728103672106
31,13,-240.38950292657137,1140.8328857421875,1381.2223886687589
31,14,-741.0176996268619,1060.42529296875,1801.442992595612
31,15,-641.6926159952882,4460.462890625,5102.155506620288
31,16,-565.9824686608597,890.4297485351562,1456.412217196016
31,17,-379.7185590923923,1219.10791015625,1598.8264692486423
31,18,-501.75191342110725,520.6217041015625,1022.3736175226697
31,19,-109.94466233597882,1475.388916015625,1585.3335783516038
31,20,259.96567478626946,1244.0899658203125,984.124291034043
31,21,-21.4492954390696,1536.5350341796875,1557.984329618757
31,22,-408.2401937638101,1032.1112060546875,1440.3513998184976
31,23,2338.371136724433,2789.78466796875,451.41353124431663
31,24,-322.8349085431389,926.4301147460938,1249.2650232892327
31,25,-413.1581035329359,417.0527648925781,830.210868425514
31,26,-246.21121132914544,225.31448364257812,471.52569497172357
31,27,1127.7492590979728,1841.49072265625,713.7414635582774
31,28,40.34480933122586,1250.7276611328125,1210.3828518015866
31,29,-128.86345538032174,992.486083984375,1121.3495393646967
31,30,744.1070773128154,2843.98193359375,2099.8748562809346
31,32,-328.414351231415,531.052490234375,859.46684146579
31,2,-294.55176822959913,242.76821899414062,537.3199872237398
32,1,1155.873531229262,3966.643798828125,2810.770267598863
32,3,241.63782180006388,1201.24755859375,959.6097367936861
32,4,-509.88729199015415,595.5174560546875,1105.4047480448417
32,5,792.7218339768469,2432.91357421875,1640.191740241903
32,6,104.88935513122055,2138.2216796875,2033.3323245562794
32,7,-589.4989244248025,737.1419677734375,1326.64089219824
32,8,580.9233683591724,1916.4976806640625,1335.57431230489
32,9,-2624.4372585087604,8735.7421875,11360.17944600876
32,10,992.2513915139004,2624.494384765625,1632.2429932517246
32,11,283.21514948707636,3060.962646484375,2777.7474969972986
32,12,-573.5385194263279,1418.3321533203125,1991.8706727466404
32,13,-415.357875282215,1738.95654296875,2154.314418250965
32,14,958.8768223667494,3768.615966796875,2809.7391444301256
32,15,-754.906340585464,7203.00634765625,7957.912688241714
32,16,-137.60725013376396,2133.98193359375,2271.589183727514
32,17,-841.4638478092079,1652.2510986328125,2493.7149464420204
32,18,643.3496031577381,2237.9619140625,1594.612310904762
32,19,919.0171407416542,3391.68701171875,2472.669870977096
32,20,-635.9024732502053,899.0517578125,1534.9542310627053
32,21,-780.2097143248352,1649.8031005859375,2430.0128149107727
32,22,-231.27007386393643,2015.268798828125,2246.5388726920614
32,23,-326.3284765115691,377.74835205078125,704.0768285623503
32,24,436.4495708800937,2384.947998046875,1948.4984271667813
32,25,627.5786496363764,1922.4716796875,1294.8930300511236
32,26,178.87550562365436,914.3215942382812,735.4460886146269
32,27,-514.4009703417162,598.8328857421875,1113.2338560839037
32,28,284.00486533225944,2171.858154296875,1887.8532889646156
32,29,-586.9315688421236,1162.0550537109375,1748.9866225530611
32,30,-1036.4089728115923,2238.799072265625,3275.2080450772173
32,31,-329.5697123272125,459.7042541503906,789.2739664776032
32,2,183.89603694118318,1021.9625244140625,838.0664874728793
2,1,-227.2620755715468,1391.247314453125,1618.5093900246718
2,3,3526.811472135467,4079.3779296875,552.5664575520334
2,4,-425.3021011658235,211.21664428710938,636.5187454529329
2,5,800.581204157976,1745.043212890625,944.462008732649
2,6,-176.23577100324292,994.6060791015625,1170.8418501048054
2,7,-515.9648836015816,247.9469757080078,763.9118593095894
2,8,2577.2587589488244,3346.314697265625,769.0559383168006
2,9,-3551.879450638675,2989.586181640625,6541.4656322793
2,10,886.5777182021766,1826.462646484375,939.8849282821984
2,11,-548.4568498864433,1051.0372314453125,1599.4940813317558
2,12,-635.651617050836,511.31561279296875,1146.9672298438047
2,13,-655.7980700164585,584.7081909179688,1240.5062609344272
2,14,-15.621821164028233,1602.2938232421875,1617.9156444062157
2,15,-2066.2782025887645,2516.080078125,4582.3582807137645
2,16,-487.42231623169005,820.6135864257812,1308.0359026574713
2,17,-860.9053306556548,575.0359497070312,1435.941280362686
2,18,237.42484053937937,1155.64111328125,918.2162727418706
2,19,179.06443342438865,1602.887451171875,1423.8230177474863
2,20,-574.4194349395018,309.44427490234375,883.8637098418455
2,21,-835.469649577358,563.7904052734375,1399.2600548507955
2,22,-605.367432204426,688.243896484375,1293.611328688801
2,23,-265.73741181888903,139.68702697753906,405.4244387964281
2,24,-297.8696408216033,824.122802734375,1121.9924435559783
2,25,1577.816591935825,2323.447265625,745.630673689175
2,26,3827.567559592488,4251.05517578125,423.4876161887617
2,27,-435.2930939640994,205.7338409423828,641.0269349064822
2,28,-213.91263410659258,873.1588745117188,1087.0715086183113
2,29,-610.6050668611615,396.503662109375,1007.1087289705365
2,30,-1122.003447102628,763.9404296875,1885.943876790128
2,31,-280.5074678497975,173.9755401611328,454.4830080109303
2,32,63.578999722996514,835.485107421875,771.9061076988785
