orgState,destState,flows
155,156,11
155,154,14
155,153,335
155,152,0
155,151,5
155,150,7
129,156,143
155,148,20
129,155,85
155,147,22
129,154,44
155,146,219
129,153,449
155,145,0
129,152,54
155,144,0
129,151,0
155,143,0
129,150,35
155,142,39
155,141,109
155,140,20
129,148,793
129,147,193
155,139,75
129,146,165
155,138,213
129,145,0
155,137,0
129,144,0
155,136,64
129,143,0
155,135,3
129,142,53
155,134,5
129,141,299
155,133,0
129,140,3660
155,132,0
155,131,117
155,130,141
152,156,0
152,155,0
152,154,1311
152,153,61
152,151,15
152,150,14
129,139,200
129,138,104
129,137,29
155,129,86
129,136,58
155,128,0
129,135,124
155,127,883
129,134,12
155,126,441
129,133,0
155,125,11
129,132,12
155,124,0
129,131,802
155,123,27
129,130,263
155,122,66
155,121,28
126,156,11
152,148,116
155,120,72
126,155,426
152,147,432
126,154,47
152,146,2
126,153,250
152,145,25
126,152,31
152,144,0
152,143,0
126,151,0
126,150,36
152,142,136
152,141,26
152,140,51
129,128,67
129,127,106
155,119,435
129,126,155
155,118,92
129,125,13
155,117,518
129,124,16
155,116,71
129,123,0
129,122,89
129,121,233
155,113,0
126,148,32
129,120,3676
155,112,2
126,147,49
152,139,173
155,111,0
126,146,66
152,138,18
126,145,0
152,137,802
126,144,0
152,136,49
126,143,0
152,135,1
126,142,108
152,134,31
126,141,112
126,140,34
152,131,48
152,130,11
129,119,1453
129,118,346
129,117,1523
155,109,0
129,116,318
155,107,61
155,106,110
129,113,31
155,105,22
129,112,32
155,104,0
126,139,817
129,111,8
126,138,68
129,110,18
155,102,0
126,137,11
152,129,100
155,101,4
126,136,215
152,128,10
126,135,5
152,127,0
126,134,17
152,126,26
126,133,0
152,125,7
126,132,0
152,124,212
126,131,64
152,123,0
126,130,66
152,122,2
152,121,498
152,120,73
123,156,0
123,155,17
123,154,0
123,153,23
123,152,0
123,151,29
123,150,0
129,109,0
129,108,0
129,107,807
129,106,691
129,105,1727
129,104,69
129,102,20
126,129,115
129,101,31
126,128,22
126,127,226
152,119,37
152,118,119
126,125,29
152,117,58
126,124,17
152,116,13
126,123,14
126,122,14
126,121,64
152,113,47
126,120,84
152,112,42
123,148,5
152,111,117
123,146,0
152,110,9
123,145,0
123,144,29
123,142,9
123,141,2
123,140,27
126,119,118
126,118,612
126,117,426
152,109,0
126,116,63
126,115,0
152,107,29
152,106,22
126,113,7
152,105,28
126,112,31
152,104,0
126,111,2
123,139,9
152,102,0
126,110,0
123,138,0
152,101,25
123,137,0
123,136,42
123,135,0
123,134,6
123,133,125
123,131,3
123,130,4
120,156,115
120,155,71
120,154,57
120,153,491
120,152,46
120,151,4
120,150,75
126,109,8
126,107,77
126,106,183
126,105,26
126,104,12
126,101,26
123,129,0
123,127,23
123,126,9
123,125,333
123,124,0
123,121,0
120,148,348
123,120,0
120,147,44
120,146,93
120,144,5
120,142,73
120,141,381
120,140,4539
123,119,0
123,118,0
123,117,5
123,116,0
123,115,0
123,112,3
120,139,259
123,111,0
120,138,61
123,110,0
120,137,10
120,136,57
120,135,137
120,134,4
120,133,0
120,132,5
120,131,1299
120,130,155
123,109,39
123,107,8
123,106,37
123,105,0
123,104,0
120,129,3022
120,128,10
120,127,94
120,126,96
120,125,11
120,124,15
120,123,3
120,122,40
120,121,118
120,119,900
120,118,392
120,117,714
120,116,299
120,115,0
120,113,10
120,112,32
120,111,0
120,110,0
120,109,5
120,107,1298
120,106,654
120,105,437
120,104,64
120,102,6
120,101,11
149,156,0
149,132,0
146,156,75
146,155,203
146,154,0
146,153,142
146,152,7
146,151,0
146,150,7
149,122,0
146,148,39
146,147,18
146,145,0
146,142,7
146,141,94
146,140,48
146,139,25
146,138,614
146,137,0
146,136,26
146,135,1
146,134,0
146,133,0
146,132,0
146,131,446
146,130,189
143,155,0
143,154,0
143,152,0
146,129,138
146,128,3
146,127,562
146,126,70
146,125,0
146,124,0
146,123,0
146,122,1
146,121,0
117,156,55
146,120,74
117,155,614
117,154,56
117,153,219
143,145,0
117,152,34
117,151,14
117,150,52
146,119,726
146,118,53
146,117,140
146,116,69
146,113,0
117,148,246
146,112,0
117,147,125
143,139,0
146,111,0
117,146,242
146,110,0
117,145,0
143,137,1
117,144,0
143,136,0
117,143,0
117,142,143
117,141,122
117,140,557
140,156,54
140,155,15
140,154,23
140,153,199
140,152,12
140,151,0
140,150,18
146,109,0
146,107,56
146,106,125
146,105,19
146,104,1
117,139,486
117,138,160
117,137,24
146,101,0
117,136,129
117,135,48
117,134,40
117,133,0
143,125,0
117,132,4
117,131,583
117,130,91
143,122,0
140,148,4378
143,120,0
140,147,155
140,146,25
140,145,9
140,142,25
140,141,141
117,129,1784
117,128,36
117,127,384
117,126,521
117,125,52
143,117,0
117,124,19
117,123,2
143,115,0
117,122,59
117,121,434
143,113,0
117,120,828
143,112,0
140,139,83
140,138,21
140,137,30
140,136,17
140,135,521
140,134,0
140,132,0
140,131,182
140,130,77
117,119,1593
117,118,1729
117,116,84
117,115,0
117,113,20
117,112,46
117,111,19
117,110,0
140,129,1452
140,128,76
140,127,25
114,134,0
140,126,47
140,124,2
140,123,21
140,122,77
140,121,126
111,156,0
140,120,2157
111,155,0
111,154,0
111,153,13
111,152,109
111,150,4
117,109,18
117,107,241
117,106,420
117,105,370
117,104,29
117,102,3
117,101,65
140,119,221
140,118,155
140,117,240
140,116,137
140,115,0
140,113,48
111,148,2
140,112,23
111,147,0
111,146,0
140,110,31
111,145,7
111,144,0
111,142,37
111,141,0
111,140,0
140,107,525
140,106,511
140,105,2054
140,104,147
111,139,16
114,111,0
114,110,0
140,102,21
111,137,12
140,101,106
111,136,37
111,134,11
111,133,0
111,131,0
111,129,3
111,128,0
111,127,4
111,126,7
111,125,19
111,124,176
111,123,4
111,122,0
111,121,0
111,120,4
111,119,0
111,118,4
111,117,16
111,116,0
111,115,1
111,114,0
111,113,12
111,112,5
111,110,0
111,109,3
111,107,0
111,106,39
111,105,0
111,102,0
111,101,0
137,156,0
137,155,0
137,154,114
137,153,91
137,152,914
137,151,0
137,150,28
137,148,154
137,147,552
137,146,0
137,145,821
137,144,0
137,143,0
137,142,37
137,141,28
137,140,84
137,139,37
137,138,3
137,136,15
137,135,1
137,134,0
137,133,0
137,132,0
137,131,21
137,130,30
134,155,8
134,154,3
134,153,5
134,152,20
134,151,0
134,150,5
137,129,47
137,128,24
137,127,0
137,126,8
137,125,2
137,124,50
137,123,0
137,122,5
137,121,80
134,148,1
137,120,11
134,147,0
134,146,0
134,145,0
134,144,6
134,143,0
134,142,417
134,141,0
134,140,0
137,119,34
137,118,53
137,117,20
137,116,50
137,115,0
137,113,337
137,112,89
134,139,39
137,111,17
134,138,0
137,110,0
134,137,0
134,136,420
134,135,0
134,133,3
134,131,1
134,130,5
131,156,329
131,155,132
131,154,13
131,153,369
131,152,11
131,151,0
131,150,70
137,109,0
137,107,20
137,106,24
137,105,102
137,104,0
134,129,10
137,101,52
134,127,2
134,126,17
134,125,70
134,124,32
134,123,0
134,122,0
134,121,0
134,120,1
105,156,7
131,148,90
105,155,8
131,147,12
105,154,34
131,146,638
105,153,97
131,145,0
105,152,16
105,150,3
131,142,51
131,141,302
131,140,508
108,129,0
134,119,7
134,118,13
134,117,33
134,116,4
134,113,2
134,112,4
105,148,2545
134,111,17
105,147,301
131,139,109
134,110,9
105,146,1
131,138,88
105,145,11
131,137,9
131,136,54
105,143,0
131,135,26
105,142,5
131,134,7
105,141,81
131,133,5
105,140,4787
131,132,14
131,130,190
134,109,45
134,107,5
134,106,31
134,105,0
134,104,4
105,139,45
105,138,5
134,101,0
105,137,33
131,129,748
105,136,27
131,128,5
105,135,61
131,127,188
105,134,0
131,126,90
131,125,2
105,132,0
131,124,3
105,131,60
131,123,0
105,130,22
131,122,15
131,121,29
102,156,0
131,120,1342
102,155,0
102,154,0
102,153,28
102,150,0
105,129,1453
105,128,181
105,127,0
131,119,1451
105,126,23
131,118,128
105,125,0
131,117,446
105,124,0
131,116,219
105,123,0
131,115,0
105,122,332
105,121,107
131,113,4
102,148,24
105,120,427
131,112,7
102,147,0
131,111,0
102,146,0
102,142,0
102,141,5
102,140,38
105,119,60
105,118,122
105,117,256
131,109,0
105,116,53
131,107,877
131,106,328
105,113,67
131,105,86
105,112,29
131,104,14
102,139,0
105,111,0
102,138,0
105,110,12
131,102,0
102,137,0
131,101,10
102,136,0
102,135,0
102,133,0
102,132,0
102,130,0
105,109,0
105,107,126
105,106,177
105,104,98
105,102,153
102,129,16
105,101,160
102,128,0
102,127,2
102,126,0
102,122,3
102,121,0
102,120,0
102,119,0
102,118,4
102,117,4
102,113,0
102,109,0
102,107,0
102,106,11
102,105,150
102,104,0
102,101,0
154,156,9
154,155,30
154,153,106
154,152,1108
154,151,0
154,150,54
128,156,0
154,148,45
128,155,0
154,147,64
128,154,0
154,146,7
128,153,9
154,145,4
128,152,0
154,144,0
154,143,0
128,150,11
154,142,454
154,141,26
154,140,84
128,148,978
128,147,356
154,139,1376
128,146,0
154,138,24
128,145,11
154,137,75
154,136,42
154,135,6
128,142,0
154,134,8
128,141,0
154,133,0
128,140,238
154,132,0
154,131,26
154,130,18
151,155,0
151,154,0
151,153,0
151,152,12
151,150,2
128,139,17
128,138,0
128,137,17
154,129,59
128,136,0
154,128,0
128,135,5
154,127,9
154,126,59
128,133,0
154,125,2
154,124,275
128,131,5
154,123,0
128,130,0
154,122,18
154,121,488
125,156,0
151,148,0
154,120,80
125,155,8
125,154,0
151,146,0
125,153,15
125,152,9
151,144,13
125,151,177
125,150,0
151,142,0
151,141,0
151,140,0
128,129,86
128,127,4
154,119,66
128,126,17
154,118,74
128,125,2
154,117,88
128,124,0
154,116,54
128,122,513
128,121,23
154,113,12
125,148,7
128,120,15
154,112,16
125,147,0
151,139,4
154,111,6
125,146,5
151,138,0
154,110,4
125,145,0
151,137,0
125,144,234
151,136,200
125,142,61
151,134,11
125,141,0
151,133,162
125,140,0
151,131,3
151,130,0
128,119,10
128,118,23
128,117,35
128,116,1
154,107,53
154,106,55
128,113,44
154,105,49
128,112,44
154,104,10
125,139,86
125,138,11
154,102,0
125,137,6
151,129,2
154,101,22
125,136,247
151,128,0
151,127,0
125,134,79
151,126,1
125,133,319
151,125,239
125,131,4
151,123,22
125,130,0
151,121,0
151,120,3
122,155,56
122,154,15
122,153,14
122,152,2
122,150,8
128,109,0
128,107,6
128,106,13
128,105,372
128,104,9
128,102,0
125,129,31
128,101,603
125,128,0
125,127,20
151,119,3
125,126,24
151,118,0
151,117,3
125,124,14
151,116,0
125,123,297
125,122,0
122,149,0
125,121,0
151,113,0
122,148,1069
125,120,7
151,112,0
122,147,31
151,111,1
122,146,0
151,110,0
122,145,0
122,142,4
122,141,27
122,140,86
125,119,9
125,118,4
125,117,51
151,109,43
125,116,0
125,115,0
151,107,3
151,106,3
125,113,5
125,112,15
122,139,4
125,111,19
122,138,2
125,110,0
122,137,4
122,136,16
122,135,20
122,134,0
122,133,0
122,131,0
122,130,0
125,109,227
125,107,5
125,106,62
125,105,1
122,129,53
125,101,0
122,128,363
122,127,9
122,126,6
122,125,0
122,124,3
122,123,0
122,121,8
122,120,32
122,119,21
122,118,26
122,117,24
122,116,8
122,113,25
122,112,24
122,111,0
122,110,0
122,109,5
122,107,17
122,106,32
122,105,316
122,104,6
122,102,5
122,101,68
148,156,21
148,155,21
148,154,35
148,153,92
148,152,48
148,151,0
148,150,42
148,147,462
148,146,34
148,145,22
148,144,0
148,143,0
148,142,29
148,141,92
148,140,7790
148,139,56
148,138,5
148,137,71
148,136,56
148,135,1178
148,134,10
148,132,12
148,131,52
148,130,59
145,156,0
145,154,3
145,153,0
145,152,44
145,150,8
148,129,447
148,128,285
148,127,32
148,126,38
148,125,1
148,124,0
148,123,9
148,122,857
148,121,207
145,148,97
148,120,242
119,156,143
145,147,41
119,155,429
145,146,0
119,154,61
119,153,354
119,152,35
145,143,0
119,151,0
145,142,10
119,150,61
145,141,0
145,140,4
148,119,67
148,118,95
148,117,122
148,116,43
148,115,0
148,113,194
148,112,54
119,148,122
145,139,4
148,111,5
119,147,28
145,138,0
148,110,9
119,146,1203
145,137,799
119,145,0
145,136,5
119,144,0
145,135,0
145,134,1
119,142,65
145,133,0
119,141,231
119,140,539
145,131,0
145,130,0
142,156,10
142,155,47
142,154,477
142,153,66
142,152,123
142,151,2
142,150,10
148,109,0
148,107,278
148,106,516
148,105,1445
148,104,334
119,139,166
148,102,4
119,138,406
145,129,0
148,101,484
119,137,11
145,128,8
119,136,65
145,127,5
119,135,25
145,126,3
119,134,4
145,125,2
119,133,0
145,124,5
119,132,5
119,131,1915
145,122,8
119,130,247
145,121,11
142,148,48
116,156,275
142,147,16
116,155,31
142,146,15
116,154,24
142,145,9
116,153,602
142,144,23
116,152,6
116,151,0
116,150,1948
142,141,55
142,140,64
119,129,1482
119,128,15
119,127,1492
145,118,10
119,126,131
145,117,8
119,125,19
119,124,9
119,123,0
119,122,34
145,113,458
119,121,24
145,112,96
116,148,28
119,120,1005
142,139,1275
145,111,9
116,147,2
142,138,30
116,146,13
142,137,30
142,136,1118
116,144,0
142,135,7
142,134,590
116,142,3
142,133,3
116,141,571
142,132,0
116,140,43
142,131,60
142,130,57
119,118,249
145,109,0
119,117,1030
119,116,181
145,107,4
145,106,16
145,105,19
119,113,4
119,112,17
116,139,16
119,111,7
145,102,0
116,138,15
119,110,38
142,129,70
145,101,82
116,137,10
142,128,0
116,136,3
142,127,49
116,135,3
116,134,0
142,126,169
142,125,72
142,124,508
116,132,31
142,123,21
116,131,73
142,122,8
116,130,185
142,121,36
142,120,130
113,156,0
113,155,0
113,154,5
113,153,9
113,152,48
113,151,0
113,150,2
119,109,3
119,107,496
119,106,428
119,105,88
119,104,20
119,102,0
116,129,81
119,101,9
116,128,0
142,119,88
116,127,16
142,118,289
116,126,26
142,117,224
116,125,0
142,116,17
116,124,0
116,123,0
116,122,5
142,113,7
116,121,8
142,112,38
113,148,555
116,120,80
142,111,36
113,147,433
142,110,105
113,145,382
113,144,0
113,143,0
113,142,18
113,141,0
113,140,172
116,119,62
116,118,35
142,109,39
116,117,26
116,115,0
142,107,97
142,106,142
142,105,7
116,113,0
142,104,10
116,112,8
113,139,43
142,102,0
116,110,0
142,101,24
113,137,278
113,136,29
113,135,6
113,134,0
113,133,0
113,132,0
113,131,3
113,130,5
110,156,0
110,155,0
110,154,0
110,153,0
110,152,14
110,151,0
116,107,58
116,106,252
116,105,17
116,104,58
116,102,0
113,129,49
113,128,52
113,127,0
113,126,15
113,125,2
113,124,5
113,123,0
113,122,41
113,121,35
110,148,9
113,120,14
110,147,1
110,146,0
110,142,106
110,140,40
113,119,4
113,118,34
113,117,22
113,116,1
113,115,0
113,112,786
110,139,89
113,111,7
110,138,0
113,110,0
110,137,3
110,136,15
110,135,0
110,134,29
110,130,0
113,109,4
113,107,16
113,106,26
113,105,135
113,104,9
113,102,0
110,129,8
113,101,1256
110,126,0
110,125,0
110,124,69
110,121,0
110,120,0
110,119,42
110,118,89
110,117,0
110,116,0
110,113,0
110,112,0
110,111,0
110,109,0
110,107,0
110,106,0
110,105,0
110,104,2
110,101,0
139,156,11
139,155,80
139,154,1074
139,153,96
139,152,139
139,151,10
139,150,20
139,148,88
139,147,115
139,146,43
139,145,0
139,144,0
139,143,0
139,142,885
139,141,77
139,140,153
139,138,49
139,137,39
139,136,188
139,135,17
139,134,54
139,133,0
139,132,0
139,131,125
139,130,71
136,156,5
136,155,61
136,154,44
136,153,52
136,152,48
136,151,215
136,150,30
139,129,212
139,128,6
139,127,85
139,126,1257
139,125,68
139,124,49
139,123,1
139,122,3
139,121,715
136,148,49
139,120,310
136,147,9
136,146,19
136,145,2
136,144,53
136,143,0
136,142,891
136,141,38
136,140,22
139,119,203
139,118,1353
139,117,521
139,116,30
139,113,35
139,112,73
136,139,204
139,111,18
136,138,22
139,110,93
136,137,21
136,135,3
136,134,676
136,133,51
136,132,0
136,131,54
136,130,16
133,156,0
133,155,1
133,153,0
133,152,4
133,151,144
133,150,0
139,109,24
139,107,121
139,106,229
139,105,43
139,104,10
139,102,0
136,129,44
139,101,51
136,128,2
136,127,75
136,126,245
136,125,332
136,124,40
136,123,36
136,122,18
136,121,25
107,156,181
133,148,0
136,120,29
107,155,47
133,147,0
107,154,24
133,146,0
107,153,147
107,152,19
133,144,25
107,150,350
133,142,1
136,119,64
136,118,54
136,117,156
136,116,14
136,115,0
136,113,22
107,148,236
136,112,29
107,147,36
133,139,5
136,111,50
107,146,32
133,138,0
136,110,16
107,145,0
133,137,0
107,144,0
133,136,31
107,142,46
133,134,4
107,141,145
107,140,267
133,131,0
130,156,107
130,155,61
130,154,5
130,153,245
130,152,13
130,151,0
130,150,104
136,109,238
136,107,58
136,106,142
136,105,10
136,104,6
107,139,90
107,138,17
107,137,6
133,129,0
136,101,12
107,136,37
107,135,220
133,127,0
107,134,1
133,126,2
107,133,0
133,125,329
107,132,21
133,124,0
107,131,413
133,123,127
107,130,63
133,122,0
133,121,0
130,148,39
133,120,0
104,156,8
130,147,10
104,155,0
130,146,56
104,154,0
130,145,0
104,153,17
130,144,0
104,151,0
130,142,41
104,150,378
130,141,133
130,140,47
107,129,371
107,128,4
133,119,0
107,127,43
133,118,0
107,126,48
133,117,2
107,125,4
133,116,0
107,124,0
107,123,0
107,122,18
133,113,0
107,121,38
133,112,0
104,148,139
107,120,639
130,139,56
133,111,0
104,147,0
130,138,144
133,110,0
104,146,0
130,137,36
130,136,10
130,135,0
130,134,0
104,142,6
130,133,0
104,141,33
130,132,5
104,140,56
130,131,63
107,119,240
107,118,64
133,109,16
107,117,148
107,116,195
133,107,0
107,115,0
133,106,0
107,113,11
107,112,10
104,139,0
107,111,0
104,138,0
107,110,0
130,129,105
104,137,0
130,128,0
104,136,0
130,127,141
104,135,254
130,126,40
104,134,0
130,125,0
130,124,0
104,132,42
130,123,0
104,131,5
130,122,0
104,130,2
130,121,10
130,120,67
101,156,0
101,155,14
101,154,25
101,153,9
101,152,15
101,150,4
107,109,0
107,106,398
107,105,82
107,104,110
107,102,0
104,129,28
107,101,5
104,128,0
130,119,95
104,127,2
130,118,25
104,126,4
130,117,51
104,125,0
130,116,201
104,124,0
104,123,0
104,122,14
130,113,0
104,121,8
130,112,4
101,148,1702
104,120,23
130,111,0
101,147,621
101,146,0
101,145,73
101,144,0
101,142,8
101,141,5
101,140,305
104,119,10
104,118,6
104,117,19
104,116,42
130,107,42
130,106,122
130,105,8
104,113,2
130,104,0
104,112,4
101,139,58
130,102,0
101,138,0
130,101,3
101,137,57
101,136,12
101,135,9
101,134,0
101,132,0
101,131,0
101,130,0
104,107,53
104,106,347
104,105,69
101,129,57
104,101,5
101,128,758
101,127,4
101,126,13
101,124,5
101,123,0
101,122,161
101,121,74
101,120,11
101,119,1
101,118,31
101,117,55
101,116,0
101,113,960
101,112,553
101,111,0
101,109,0
101,107,13
101,106,37
101,105,346
101,104,13
101,102,0
156,155,0
156,154,9
156,153,51
156,152,0
156,151,0
156,150,455
156,148,13
156,147,0
156,146,54
156,145,0
156,142,0
156,141,37
156,140,22
156,139,10
156,138,0
156,137,1
156,136,3
156,135,5
156,134,0
156,133,0
156,132,10
156,131,163
156,130,116
153,156,27
153,155,159
153,154,28
153,152,31
153,151,0
153,150,43
156,129,71
156,128,0
156,127,7
156,126,12
156,125,0
156,124,0
156,122,0
156,121,0
153,148,48
156,120,48
127,156,18
153,147,36
127,155,782
153,146,29
127,154,4
153,145,2
127,153,427
153,144,0
127,152,4
127,151,4
153,142,25
127,150,15
153,141,1097
153,140,74
156,119,46
156,118,5
156,117,20
156,116,307
156,112,0
127,148,29
153,139,54
127,147,19
153,138,47
127,146,511
153,137,24
127,145,0
153,136,14
127,144,0
153,135,4
153,134,0
127,142,30
127,141,163
153,132,10
127,140,45
153,131,73
153,130,180
150,156,705
150,155,7
150,154,43
150,153,71
150,152,3
150,151,0
156,109,0
156,107,153
156,106,48
156,105,0
156,104,7
127,139,63
156,102,0
127,138,986
153,129,136
156,101,0
127,137,0
153,128,0
127,136,85
153,127,94
127,135,3
153,126,67
127,134,5
153,125,0
127,133,4
153,124,0
127,132,0
153,123,13
127,131,136
153,122,5
127,130,324
153,121,29
150,148,19
153,120,141
150,147,2
124,155,0
150,146,0
124,154,243
124,153,3
124,152,155
124,151,0
150,142,4
124,150,5
150,141,116
150,140,6
127,129,96
127,128,4
153,119,94
153,118,65
127,126,165
153,117,57
127,125,15
153,116,751
127,124,5
153,115,0
127,123,20
127,122,14
153,113,0
127,121,11
153,112,10
124,148,1
127,120,65
150,139,10
153,111,24
124,147,0
150,138,0
124,146,0
150,137,13
124,145,3
150,136,24
124,144,0
150,135,60
124,143,0
150,134,0
124,142,491
150,133,0
124,141,0
150,132,346
124,140,8
150,131,20
150,130,111
127,119,683
127,118,65
153,109,0
127,117,231
127,116,95
153,107,64
153,106,377
153,105,29
127,113,3
153,104,6
127,112,2
124,139,52
127,111,5
153,102,20
124,138,5
127,110,0
150,129,24
153,101,0
124,137,19
150,128,0
124,136,54
150,127,9
150,126,23
124,134,35
150,124,0
150,123,0
124,131,0
150,122,12
124,130,0
150,121,2
150,120,30
121,156,0
121,155,62
121,154,616
121,153,70
121,152,437
121,151,0
121,150,24
127,109,0
127,107,75
127,106,163
127,105,15
127,104,1
127,102,0
124,129,22
127,101,3
124,128,0
150,119,30
124,127,4
150,118,3
124,126,3
150,117,41
124,125,17
150,116,3581
150,115,6
124,123,2
124,122,0
150,113,0
124,121,6
150,112,0
121,148,564
124,120,16
150,111,2
121,147,1178
121,146,2
121,145,11
121,144,0
121,142,66
121,141,35
121,140,443
124,119,1
124,118,11
150,109,2
124,117,16
124,116,0
150,107,269
150,106,328
150,105,0
124,113,9
150,104,337
124,112,7
121,139,1171
124,111,160
121,138,5
124,110,65
150,101,0
121,137,59
121,136,31
121,135,20
121,134,3
121,133,0
121,131,45
121,130,30
124,109,7
124,107,5
124,106,26
124,105,0
124,104,0
121,129,492
124,101,2
121,128,47
121,127,25
121,126,111
121,125,0
121,124,14
121,123,0
121,122,24
121,120,201
121,119,65
121,118,1123
121,117,809
121,116,22
121,115,0
121,113,42
121,112,39
121,111,5
121,110,0
121,109,0
121,107,80
121,106,92
121,105,272
121,104,44
121,103,0
121,102,0
121,101,78
147,156,0
147,155,10
147,154,60
147,153,97
147,152,385
147,151,0
147,150,36
147,148,1416
147,146,12
147,145,66
147,142,36
147,141,45
147,140,520
147,139,141
147,138,0
147,137,448
147,136,26
147,135,22
147,134,1
147,132,0
147,131,16
147,130,16
144,155,0
144,154,0
144,153,0
144,151,10
147,129,431
147,128,304
147,127,5
147,126,67
147,125,0
147,124,1
147,123,0
147,122,27
147,121,1301
118,156,24
144,148,0
147,120,96
118,155,138
118,154,70
118,153,155
144,145,0
118,152,58
118,151,0
118,150,19
144,142,9
144,141,0
147,119,46
147,118,161
147,117,175
147,116,32
147,115,0
147,113,370
118,148,148
147,112,80
118,147,143
144,139,0
147,111,0
118,146,65
144,138,0
147,110,0
118,145,15
118,144,0
144,136,34
118,143,0
118,142,263
144,134,9
118,141,90
144,133,7
118,140,387
144,131,0
144,130,0
141,156,13
141,155,27
141,154,0
141,153,1141
141,152,3
141,151,0
141,150,86
147,109,0
147,107,57
147,106,96
147,105,567
147,104,12
118,139,1270
118,138,187
147,102,4
118,137,38
144,129,0
147,101,727
118,136,51
118,135,22
144,127,0
118,134,18
144,126,0
118,133,0
144,125,230
118,132,0
144,124,0
118,131,216
144,123,19
118,130,69
144,122,0
144,121,0
141,148,39
144,120,0
141,147,11
115,154,0
141,146,25
115,153,0
141,145,0
115,150,16
141,142,17
141,140,62
118,129,467
118,128,28
118,127,112
144,119,0
118,126,949
144,118,0
118,125,13
144,117,0
118,124,12
144,116,0
118,123,0
118,122,20
118,121,661
144,113,0
144,112,0
118,120,460
115,148,0
141,139,49
144,111,0
115,147,0
141,138,10
141,137,9
141,136,13
141,135,6
141,134,0
115,142,0
141,133,0
141,132,20
115,140,0
141,131,66
141,130,83
118,119,299
118,117,1755
144,109,89
118,116,54
118,115,0
144,106,4
118,113,37
118,112,69
118,111,3
115,139,0
118,110,89
141,129,106
144,101,0
141,128,0
115,136,0
141,127,31
141,126,30
141,125,2
141,124,0
141,123,0
115,131,0
141,122,31
115,130,0
141,121,20
141,120,103
112,156,0
112,155,2
112,154,7
112,153,6
112,152,27
112,151,0
112,150,5
118,109,4
118,107,114
118,106,218
118,105,218
118,104,22
118,102,0
118,101,43
115,128,0
141,119,60
141,118,41
141,117,48
115,125,0
141,116,504
141,115,2
141,113,0
141,112,0
112,148,46
115,120,0
112,147,30
141,110,0
112,146,1
112,145,62
112,144,0
112,143,0
112,142,23
112,141,0
112,140,10
115,119,0
115,118,0
141,109,0
115,117,0
141,107,48
141,106,657
115,113,0
141,105,47
141,104,34
112,139,44
141,102,4
141,101,0
112,137,61
112,136,36
112,135,0
112,134,0
112,133,2
112,132,0
112,131,1
115,107,0
115,106,24
115,103,0
112,129,11
112,128,34
112,127,4
112,126,13
112,125,22
112,124,1
112,123,0
112,122,15
112,121,26
112,120,18
112,119,8
112,118,29
112,117,26
112,116,4
112,115,0
112,113,457
112,111,0
112,110,0
112,109,3
112,107,0
112,106,12
112,105,19
112,104,0
112,101,346
138,156,5
138,155,166
138,154,9
138,153,186
138,152,4
138,150,1
138,148,13
138,147,2
138,146,349
138,142,14
138,141,87
138,140,14
138,139,35
138,137,0
138,136,7
138,135,0
138,134,0
138,131,45
138,130,326
135,156,8
135,155,0
135,154,0
135,153,8
135,152,0
135,150,101
138,129,49
138,127,712
138,126,62
138,125,0
138,124,4
138,122,1
138,121,0
135,148,659
138,120,37
109,155,3
135,147,8
109,154,0
135,146,0
135,145,0
109,153,0
109,152,0
135,143,0
109,151,28
109,150,3
135,142,2
135,141,12
135,140,346
138,119,151
138,118,86
138,117,74
138,116,55
138,113,0
109,148,0
138,112,0
109,147,0
135,139,7
138,111,0
109,146,0
135,138,0
138,110,0
109,145,0
135,137,0
109,144,75
135,136,7
109,142,42
109,141,0
109,140,0
135,132,2
135,131,10
135,130,0
132,156,4
132,155,0
132,154,0
132,153,5
132,152,0
132,150,277
138,109,0
138,107,34
138,106,103
138,105,0
138,104,0
109,139,22
109,137,0
135,129,52
109,136,178
135,128,0
135,127,0
109,134,40
135,126,2
109,133,15
109,131,1
135,123,3
109,130,0
135,122,0
135,121,5
106,156,13
132,148,10
135,120,76
106,155,31
106,154,26
132,146,0
106,153,285
106,152,17
132,144,0
106,151,7
106,150,146
132,141,33
132,140,6
109,129,8
109,128,0
109,127,0
135,119,13
109,126,16
135,118,8
109,125,229
135,117,16
109,124,1
135,116,10
109,123,18
109,122,1
109,121,3
135,113,0
106,148,183
109,120,3
135,112,0
106,147,31
132,139,0
135,111,0
106,146,40
132,138,0
135,110,0
106,145,0
106,144,0
132,136,0
132,135,0
106,142,55
106,141,541
106,140,185
132,131,11
132,130,0
109,119,5
109,118,2
109,117,8
135,107,245
135,106,108
109,113,0
135,105,29
109,112,5
135,104,348
106,139,70
109,111,0
106,138,24
109,110,0
135,102,0
106,137,10
132,129,7
135,101,12
106,136,61
132,128,0
106,135,35
132,127,0
106,134,11
132,126,0
106,133,0
106,132,123
106,131,67
106,130,53
132,122,0
132,121,0
132,120,2
109,107,2
109,106,19
109,105,0
106,129,256
109,101,0
106,128,4
106,127,37
132,119,0
106,126,66
132,118,0
106,125,38
132,117,0
106,124,10
132,116,46
106,123,21
106,122,16
106,121,29
132,113,0
106,120,168
132,112,0
106,119,116
106,118,60
106,117,118
106,116,130
106,115,22
132,107,15
132,106,127
106,113,8
132,105,0
106,112,7
132,104,40
106,111,11
106,110,0
106,109,4
106,107,128
106,105,67
106,104,212
106,102,0
106,101,9
103,115,0
